SKU,Asin,UPC,Brand,MPN,Short Title,Long Title,Product Height,Product Length,Product Depth,Product Width,Product Weight,Product Dimensions,Product Size,Item Type,Product Material,Number Of Compartments,Product Color,Color/Finish,Gender,Is Assembly Required,Included,Department,Weight Capacity,Product Type,Pack Count,Style,Features,Shape,Number Of Shelves,Recommended Location,Recommended Room,Family,Ratings,Country,Country of Manufacture,Room,Assembly,Total Number Of Shelves,Organizer Type,Durability,Shelf Material,Primary Material,Finish,Age Group,Capacity,Product Style,Feature,Theme,Recommended Use,Frame Material,Wheel Type,Bike Capacity
202972993,,846877063652,Home Decorators Collection,2455300130,,,,,,,,,,,,,,,,,,,,,,,,,,,,,,,,,,,,,,,,,,,,,,,,
203878095,B001DZ4QTC,38861071785,Whitmor,6318-2678,,,,,,,,,,,,,,,,,,,,,,,,,,,,,,,,,,,,,,,,,,,,,,,,
205667841,B00LL9OUDM,819767010678,Way Basics,W-CUBE-BK,,,,,,,,,,,,,,,,,,,,,,,,,,,,,,,,,,,,,,,,,,,,,,,,
203485099,B00HAP064S,873214005112,Dolle,16764,,,,,,,,,,,,,,,,,,,,,,,,,,,,,,,,,,,,,,,,,,,,,,,,
206724748,B017XL2E6G,,Manhattan Comfort,45AMC6,,,,,,,,,,,,,,,,,,,,,,,,,,,,,,,,,,,,,,,,,,,,,,,,
203647901,,49332000012,Home Decorators Collection,HDC2LEDE,,,,,,,,,,,,,,,,,,,,,,,,,,,,,,,,,,,,,,,,,,,,,,,,
100120915,B00ASTQCLY,49332994588,The Magellan Group,CMS36W,,,,,,,,,,,,,,,,,,,,,,,,,,,,,,,,,,,,,,,,,,,,,,,,
203662714,,49332000098,Home Decorators Collection,HDCAE42E,,,,,,,,,,,,,,,,,,,,,,,,,,,,,,,,,,,,,,,,,,,,,,,,
205885541,,886096001387,HDX,SL-WSHD-133C,,,,,,,,,,,,,,,,,,,,,,,,,,,,,,,,,,,,,,,,,,,,,,,,
202266705,,94416506126,LTL Home Products,ESCORCLKIT,,,,,,,,,,,,,,,,,,,,,,,,,,,,,,,,,,,,,,,,,,,,,,,,
206337916,,48037860594,Home Decorators Collection,9085810,,,,,,,,,,,,,,,,,,,,,,,,,,,,,,,,,,,,,,,,,,,,,,,,
204288794,B00CKJBGUC,819175001497,Triton Products,3-240YWS,,,,,,,,,,,,,,,,,,,,,,,,,,,,,,,,,,,,,,,,,,,,,,,,
207145611,,29274292461,Knape & Vogt,200M SN 8,,,,,,,,,,,,,,,,,,,,,,,,,,,,,,,,,,,,,,,,,,,,,,,,
204674174,B000MIIGNS,29274219017,Knape & Vogt,2141 WH 10,,,,,,,,,,,,,,,,,,,,,,,,,,,,,,,,,,,,,,,,,,,,,,,,
207145613,,29274292423,Knape & Vogt,200M WH 8,,,,,,,,,,,,,,,,,,,,,,,,,,,,,,,,,,,,,,,,,,,,,,,,
206337934,,48037860631,Home Decorators Collection,9085820,,,,,,,,,,,,,,,,,,,,,,,,,,,,,,,,,,,,,,,,,,,,,,,,
202600241,B004C04OKG,819175002142,Triton Products,3-210Y,,,,,,,,,,,,,,,,,,,,,,,,,,,,,,,,,,,,,,,,,,,,,,,,
202940268,,684962512186,Floating Glass Shelves,R1218,,,,,,,,,,,,,,,,,,,,,,,,,,,,,,,,,,,,,,,,,,,,,,,,
204388082,B00DPNVWOW,35441825820,Edsal,PB8504Y,,,,,,,,,,,,,,,,,,,,,,,,,,,,,,,,,,,,,,,,,,,,,,,,
300532505,B00G8RKOR8,847539040578,Honey-Can-Do,SHF250C1824,,,,,,,,,,,,,,,,,,,,,,,,,,,,,,,,,,,,,,,,,,,,,,,,
203485118,B000VYJYQQ,873214005297,Dolle,19833,,,,,,,,,,,,,,,,,,,,,,,,,,,,,,,,,,,,,,,,,,,,,,,,
204288888,B00CKJBE0O,819175001640,Triton Products,LB18-B,,,,,,,,,,,,,,,,,,,,,,,,,,,,,,,,,,,,,,,,,,,,,,,,
300609908,,73527134763,Durabilt,05536BKYLEC.02,,,,,,,,,,,,,,,,,,,,,,,,,,,,,,,,,,,,,,,,,,,,,,,,
203485120,B00KXMASWA,873214006201,Dolle,19932,,,,,,,,,,,,,,,,,,,,,,,,,,,,,,,,,,,,,,,,,,,,,,,,
206337847,,48037860464,Home Decorators Collection,9085626,,,,,,,,,,,,,,,,,,,,,,,,,,,,,,,,,,,,,,,,,,,,,,,,
206337870,,48037860495,Home Decorators Collection,9085632,,,,,,,,,,,,,,,,,,,,,,,,,,,,,,,,,,,,,,,,,,,,,,,,
203662921,,49332000180,Home Decorators Collection,HDUCSW516,,,,,,,,,,,,,,,,,,,,,,,,,,,,,,,,,,,,,,,,,,,,,,,,
204674178,B000NNHAOS,29274220181,Knape & Vogt,2141 HNY 36,,,,,,,,,,,,,,,,,,,,,,,,,,,,,,,,,,,,,,,,,,,,,,,,
203485109,B00L4H9JDM,873214005495,Dolle,16832,,,,,,,,,,,,,,,,,,,,,,,,,,,,,,,,,,,,,,,,,,,,,,,,
203662800,,49332000128,Home Decorators Collection,HDCAEC12W,,,,,,,,,,,,,,,,,,,,,,,,,,,,,,,,,,,,,,,,,,,,,,,,
204660681,,71691480662,Rubbermaid,1891905,,,,,,,,,,,,,,,,,,,,,,,,,,,,,,,,,,,,,,,,,,,,,,,,
204674200,B00ESVZHLY,77355080766,Knape & Vogt,240-WT,,,,,,,,,,,,,,,,,,,,,,,,,,,,,,,,,,,,,,,,,,,,,,,,
203215889,B006XL1KX6,847539000626,Honey-Can-Do,SHFSCR-B24,,,,,,,,,,,,,,,,,,,,,,,,,,,,,,,,,,,,,,,,,,,,,,,,
204989654,B00JB4UT5C,847539000428,Honey-Can-Do,SHF800W1842,,,,,,,,,,,,,,,,,,,,,,,,,,,,,,,,,,,,,,,,,,,,,,,,
203662835,,49332000296,Unbranded,HDUSCB,,,,,,,,,,,,,,,,,,,,,,,,,,,,,,,,,,,,,,,,,,,,,,,,
100314588,,94416505846,Unbranded,GLDK30TIN,,,,,,,,,,,,,,,,,,,,,,,,,,,,,,,,,,,,,,,,,,,,,,,,
203530075,,873214005259,Dolle,17334,,,,,,,,,,,,,,,,,,,,,,,,,,,,,,,,,,,,,,,,,,,,,,,,
207145619,B0013JA0AC,29274292119,Knape & Vogt,200OP SN 8,,,,,,,,,,,,,,,,,,,,,,,,,,,,,,,,,,,,,,,,,,,,,,,,
204603423,B00JWQAE7W,886096001189,HDX,EH-WSHDI-005,,,,,,,,,,,,,,,,,,,,,,,,,,,,,,,,,,,,,,,,,,,,,,,,
204989635,B00JB4UQKA,847539000299,Honey-Can-Do,SHF800B1636,,,,,,,,,,,,,,,,,,,,,,,,,,,,,,,,,,,,,,,,,,,,,,,,
203215730,B006Y7A5CQ,847539000077,Honey-Can-Do,SHF250W1436,,,,,,,,,,,,,,,,,,,,,,,,,,,,,,,,,,,,,,,,,,,,,,,,
204674172,B0042U9NMK,77355014914,Knape & Vogt,0149-24HNY,,,,,,,,,,,,,,,,,,,,,,,,,,,,,,,,,,,,,,,,,,,,,,,,
202072609,B003I8J2WI,49332000258,The Magellan Group,CMS48E,,,,,,,,,,,,,,,,,,,,,,,,,,,,,,,,,,,,,,,,,,,,,,,,
203215752,B006Y7A70Q,847539000145,Honey-Can-Do,SHF350B2448,,,,,,,,,,,,,,,,,,,,,,,,,,,,,,,,,,,,,,,,,,,,,,,,
206337909,,48037860563,Home Decorators Collection,9085648,,,,,,,,,,,,,,,,,,,,,,,,,,,,,,,,,,,,,,,,,,,,,,,,
100388232,B000ONCSS0,94416509103,Wallscapes,GA4030WHKIT,,,,,,,,,,,,,,,,,,,,,,,,,,,,,,,,,,,,,,,,,,,,,,,,
203662923,,49332000197,Home Decorators Collection,HDUCSW824,,,,,,,,,,,,,,,,,,,,,,,,,,,,,,,,,,,,,,,,,,,,,,,,
202337822,,17567073866,Sandusky,KD24-07,,,,,,,,,,,,,,,,,,,,,,,,,,,,,,,,,,,,,,,,,,,,,,,,
300126027,,77355008807,Knape & Vogt,RP-0088-8BRZ,,,,,,,,,,,,,,,,,,,,,,,,,,,,,,,,,,,,,,,,,,,,,,,,
300537463,,887060190526,Home Decorators Collection,9361600270,,,,,,,,,,,,,,,,,,,,,,,,,,,,,,,,,,,,,,,,,,,,,,,,
206724734,B017XDCIVA,,Manhattan Comfort,44AMC49,,,,,,,,,,,,,,,,,,,,,,,,,,,,,,,,,,,,,,,,,,,,,,,,
206337877,,48037860518,Home Decorators Collection,9085636,,,,,,,,,,,,,,,,,,,,,,,,,,,,,,,,,,,,,,,,,,,,,,,,
204989639,,847539000336,Honey-Can-Do,SHF800C1424,,,,,,,,,,,,,,,,,,,,,,,,,,,,,,,,,,,,,,,,,,,,,,,,
204674103,B0042U6J5O,77355014051,Knape & Vogt,0140-36WT,,,,,,,,,,,,,,,,,,,,,,,,,,,,,,,,,,,,,,,,,,,,,,,,
300126038,B0041NPSG8,77355008722,Knape & Vogt,RP-0087-6BRZ,,,,,,,,,,,,,,,,,,,,,,,,,,,,,,,,,,,,,,,,,,,,,,,,
204280732,B002AKKQ3O,883049027982,Gladiator,GAWE24WSSH,,,,,,,,,,,,,,,,,,,,,,,,,,,,,,,,,,,,,,,,,,,,,,,,
205892918,,886096001394,HDX,SL-SBUS-34,,,,,,,,,,,,,,,,,,,,,,,,,,,,,,,,,,,,,,,,,,,,,,,,
204603417,B00L00F97I,886096001172,HDX,EH-WSHDI-004,,,,,,,,,,,,,,,,,,,,,,,,,,,,,,,,,,,,,,,,,,,,,,,,
203485083,B00KYK2ZR2,873214006423,Dolle,55237,,,,,,,,,,,,,,,,,,,,,,,,,,,,,,,,,,,,,,,,,,,,,,,,
203391717,,17567084367,Sandusky,MTS362437-22UC,,,,,,,,,,,,,,,,,,,,,,,,,,,,,,,,,,,,,,,,,,,,,,,,
203526215,B007ZSKOJC,847539022185,Honey-Can-Do,SHF-02218,,,,,,,,,,,,,,,,,,,,,,,,,,,,,,,,,,,,,,,,,,,,,,,,
202940265,,684962510243,Floating Glass Shelves,R1024,,,,,,,,,,,,,,,,,,,,,,,,,,,,,,,,,,,,,,,,,,,,,,,,
100660369,B0018ZQERY,49332994601,The Magellan Group,CMS60W,,,,,,,,,,,,,,,,,,,,,,,,,,,,,,,,,,,,,,,,,,,,,,,,
300126026,B00B027NKW,77355008210,Knape & Vogt,RP-0082-8PM,,,,,,,,,,,,,,,,,,,,,,,,,,,,,,,,,,,,,,,,,,,,,,,,
204772859,B00GD2Q2V0,819175001930,Triton Products,2-205TR,,,,,,,,,,,,,,,,,,,,,,,,,,,,,,,,,,,,,,,,,,,,,,,,
202336275,,35441515431,Edsal,PB2424,,,,,,,,,,,,,,,,,,,,,,,,,,,,,,,,,,,,,,,,,,,,,,,,
203215833,B006XL1J0U,847539000268,Honey-Can-Do,SHF350W2448,,,,,,,,,,,,,,,,,,,,,,,,,,,,,,,,,,,,,,,,,,,,,,,,
100388198,B000ONERU2,94416508861,Wallscapes,GL6020OPKIT,,,,,,,,,,,,,,,,,,,,,,,,,,,,,,,,,,,,,,,,,,,,,,,,
204674085,B00ESVZJC6,77355080810,Knape & Vogt,243-BK,,,,,,,,,,,,,,,,,,,,,,,,,,,,,,,,,,,,,,,,,,,,,,,,
100388197,B000ON9UC2,94416508854,Wallscapes,GL6020CLKIT,,,,,,,,,,,,,,,,,,,,,,,,,,,,,,,,,,,,,,,,,,,,,,,,
203526214,B007ZSKOA6,847539022178,Honey-Can-Do,SHF-02217,,,,,,,,,,,,,,,,,,,,,,,,,,,,,,,,,,,,,,,,,,,,,,,,
204674088,B00BN8Z2J2,77355079449,Knape & Vogt,0137-824WT,,,,,,,,,,,,,,,,,,,,,,,,,,,,,,,,,,,,,,,,,,,,,,,,
205667851,B00LWA8Q6W,819767010760,Way Basics,WB-2NC-BK,,,,,,,,,,,,,,,,,,,,,,,,,,,,,,,,,,,,,,,,,,,,,,,,
207145615,B002V9R8CQ,29274292164,Knape & Vogt,200OP AB 8,,,,,,,,,,,,,,,,,,,,,,,,,,,,,,,,,,,,,,,,,,,,,,,,
202060761,,18098901277,Martha Stewart Living,W11,,,,,,,,,,,,,,,,,,,,,,,,,,,,,,,,,,,,,,,,,,,,,,,,
202627548,B005FW1WV4,811434019076,Honey-Can-Do,SHF-01907,,,,,,,,,,,,,,,,,,,,,,,,,,,,,,,,,,,,,,,,,,,,,,,,
203485090,,873214006416,Dolle,55190,,,,,,,,,,,,,,,,,,,,,,,,,,,,,,,,,,,,,,,,,,,,,,,,
203485063,B000VYI0QG,873214000025,Dolle,30111,,,,,,,,,,,,,,,,,,,,,,,,,,,,,,,,,,,,,,,,,,,,,,,,
203485061,B00KZJK40W,873214000322,Dolle,30432,,,,,,,,,,,,,,,,,,,,,,,,,,,,,,,,,,,,,,,,,,,,,,,,
205667845,B00LL9OZ6Y,819767010708,Way Basics,W-RECT-EO,,,,,,,,,,,,,,,,,,,,,,,,,,,,,,,,,,,,,,,,,,,,,,,,
300126035,,77355008715,Knape & Vogt,RP-0087-6RD,,,,,,,,,,,,,,,,,,,,,,,,,,,,,,,,,,,,,,,,,,,,,,,,
203526221,B0086S76Y6,811434018772,Honey-Can-Do,STO-01877,,,,,,,,,,,,,,,,,,,,,,,,,,,,,,,,,,,,,,,,,,,,,,,,
100388234,,94416509127,Wallscapes,GA8030WHKIT,,,,,,,,,,,,,,,,,,,,,,,,,,,,,,,,,,,,,,,,,,,,,,,,
203740656,B000M7UXD0,887060056297,Home Decorators Collection,2455240880,,,,,,,,,,,,,,,,,,,,,,,,,,,,,,,,,,,,,,,,,,,,,,,,
302073750,,672763110076,HDX,21436WPS,,,,,,,,,,,,,,,,,,,,,,,,,,,,,,,,,,,,,,,,,,,,,,,,
202940259,B009S97O7G,684962508189,Floating Glass Shelves,R818,,,,,,,,,,,,,,,,,,,,,,,,,,,,,,,,,,,,,,,,,,,,,,,,
206337886,,48037860389,Home Decorators Collection,9085610,,,,,,,,,,,,,,,,,,,,,,,,,,,,,,,,,,,,,,,,,,,,,,,,
203485107,B000PIEZGC,873214005099,Dolle,17440,,,,,,,,,,,,,,,,,,,,,,,,,,,,,,,,,,,,,,,,,,,,,,,,
203485125,B00KZ7RWD6,873214006225,Dolle,19994,,,,,,,,,,,,,,,,,,,,,,,,,,,,,,,,,,,,,,,,,,,,,,,,
203485108,B00L2BSYMC,873214005075,Dolle,17464,,,,,,,,,,,,,,,,,,,,,,,,,,,,,,,,,,,,,,,,,,,,,,,,
202627537,B005FW1WQ4,811434019069,Honey-Can-Do,SHF-01906,,,,,,,,,,,,,,,,,,,,,,,,,,,,,,,,,,,,,,,,,,,,,,,,
204674198,B0042U6IZA,77355080773,Knape & Vogt,240-BK,,,,,,,,,,,,,,,,,,,,,,,,,,,,,,,,,,,,,,,,,,,,,,,,
202336274,B00KYU8RG0,35441515417,Edsal,PB1824,,,,,,,,,,,,,,,,,,,,,,,,,,,,,,,,,,,,,,,,,,,,,,,,
202072605,B0097A3MF4,49332000234,The Magellan Group,CMS24E,,,,,,,,,,,,,,,,,,,,,,,,,,,,,,,,,,,,,,,,,,,,,,,,
100388252,B000ON9VWQ,94416504023,Wallscapes,HWRW836,,,,,,,,,,,,,,,,,,,,,,,,,,,,,,,,,,,,,,,,,,,,,,,,
204388073,B00DPNVD1O,35441825714,Edsal,PB8500Y,,,,,,,,,,,,,,,,,,,,,,,,,,,,,,,,,,,,,,,,,,,,,,,,
206337914,,48037860457,Home Decorators Collection,9085624,,,,,,,,,,,,,,,,,,,,,,,,,,,,,,,,,,,,,,,,,,,,,,,,
204388081,B00DPNVU30,35441097043,Edsal,PB8502R,,,,,,,,,,,,,,,,,,,,,,,,,,,,,,,,,,,,,,,,,,,,,,,,
204660629,,71691481041,Rubbermaid,1892857,,,,,,,,,,,,,,,,,,,,,,,,,,,,,,,,,,,,,,,,,,,,,,,,
206337928,B01MT5H53W,48037860587,Lewis Hyman,9085804,,,,,,,,,,,,,,,,,,,,,,,,,,,,,,,,,,,,,,,,,,,,,,,,
205706513,B00G8RKS3I,847539040592,Honey-Can-Do,SHF-04059,,,,,,,,,,,,,,,,,,,,,,,,,,,,,,,,,,,,,,,,,,,,,,,,
300126032,,77355009330,Knape & Vogt,RP-0093-6BK,,,,,,,,,,,,,,,,,,,,,,,,,,,,,,,,,,,,,,,,,,,,,,,,
207145595,B002Z95W8O,29274292560,Knape & Vogt,200C AB 8,,,,,,,,,,,,,,,,,,,,,,,,,,,,,,,,,,,,,,,,,,,,,,,,
203901105,B00IKVRTZA,847539024486,Honey-Can-Do,SHFX02448,,,,,,,,,,,,,,,,,,,,,,,,,,,,,,,,,,,,,,,,,,,,,,,,
206315336,,49332109463,Home Decorators Collection,HDR2LEDW,,,,,,,,,,,,,,,,,,,,,,,,,,,,,,,,,,,,,,,,,,,,,,,,
205706564,B006OVXNNA,811434021055,Honey-Can-Do,SHFX02105,,,,,,,,,,,,,,,,,,,,,,,,,,,,,,,,,,,,,,,,,,,,,,,,
206337862,,48037860501,Home Decorators Collection,9085634,,,,,,,,,,,,,,,,,,,,,,,,,,,,,,,,,,,,,,,,,,,,,,,,
205323716,B00CX4XJ7M,29986770110,SystemBuild,7701096S,,,,,,,,,,,,,,,,,,,,,,,,,,,,,,,,,,,,,,,,,,,,,,,,
204388102,B00DPNWVME,35441825615,Edsal,PB305,,,,,,,,,,,,,,,,,,,,,,,,,,,,,,,,,,,,,,,,,,,,,,,,
300126042,B00B027UI2,77355009019,Knape & Vogt,RP-0090-10BK,,,,,,,,,,,,,,,,,,,,,,,,,,,,,,,,,,,,,,,,,,,,,,,,
205706503,B00J30RE84,811434019090,Honey-Can-Do,SHF-01909,,,,,,,,,,,,,,,,,,,,,,,,,,,,,,,,,,,,,,,,,,,,,,,,
207145603,B007EIUHU4,29274310608,Knape & Vogt,200CH BLK 8,,,,,,,,,,,,,,,,,,,,,,,,,,,,,,,,,,,,,,,,,,,,,,,,
202940260,B009S94G1S,684962508240,Floating Glass Shelves,R824,,,,,,,,,,,,,,,,,,,,,,,,,,,,,,,,,,,,,,,,,,,,,,,,
204603381,B00L3MB1HU,886096001141,HDX,EH-WSHDI-001,,,,,,,,,,,,,,,,,,,,,,,,,,,,,,,,,,,,,,,,,,,,,,,,
205706506,B00G8RKR2A,847539039367,Honey-Can-Do,SHF-03936,,,,,,,,,,,,,,,,,,,,,,,,,,,,,,,,,,,,,,,,,,,,,,,,
204288882,B00CKJBFSK,819175001619,Triton Products,LB1-B,,,,,,,,,,,,,,,,,,,,,,,,,,,,,,,,,,,,,,,,,,,,,,,,
203908827,B00AYHGIRS,850594003648,Trinity,TBFPB-0907,,,,,,,,,,,,,,,,,,,,,,,,,,,,,,,,,,,,,,,,,,,,,,,,
203391696,B008KSCKWU,17567084930,Sandusky,WSSHOOK,,,,,,,,,,,,,,,,,,,,,,,,,,,,,,,,,,,,,,,,,,,,,,,,
202627564,,811434019106,Honey-Can-Do,SHF-01910,,,,,,,,,,,,,,,,,,,,,,,,,,,,,,,,,,,,,,,,,,,,,,,,
207145597,B003XDZUKQ,29274292515,Knape & Vogt,200C BLK 8,,,,,,,,,,,,,,,,,,,,,,,,,,,,,,,,,,,,,,,,,,,,,,,,
203631523,,48037848103,Home Decorators Collection,9084810,,,,,,,,,,,,,,,,,,,,,,,,,,,,,,,,,,,,,,,,,,,,,,,,
203664440,B01MZ66AHP,49332998692,Home Decorators Collection,HDCVL36W,,,,,,,,,,,,,,,,,,,,,,,,,,,,,,,,,,,,,,,,,,,,,,,,
204674236,B00BPQNCA8,77355079388,Knape & Vogt,0138-7WT,,,,,,,,,,,,,,,,,,,,,,,,,,,,,,,,,,,,,,,,,,,,,,,,
202493258,,811434014439,Honey-Can-Do,SHF-01443,,,,,,,,,,,,,,,,,,,,,,,,,,,,,,,,,,,,,,,,,,,,,,,,
203685967,B004DBQ0D8,850594003006,Trinity,TLS-0201,,,,,,,,,,,,,,,,,,,,,,,,,,,,,,,,,,,,,,,,,,,,,,,,
205885550,,886096001370,HDX,SL-CSUS-114P,,,,,,,,,,,,,,,,,,,,,,,,,,,,,,,,,,,,,,,,,,,,,,,,
204660632,,71691481102,Rubbermaid,1892860,,,,,,,,,,,,,,,,,,,,,,,,,,,,,,,,,,,,,,,,,,,,,,,,
204674248,B00BPQNCI0,77355079418,Knape & Vogt,0138-7HNY,,,,,,,,,,,,,,,,,,,,,,,,,,,,,,,,,,,,,,,,,,,,,,,,
204466870,B00Q4NCWJO,886096001059,HDX,EH-WSHDU-003,,,,,,,,,,,,,,,,,,,,,,,,,,,,,,,,,,,,,,,,,,,,,,,,
207145591,B007EIUBUK,29274310547,Knape & Vogt,200BR BLK 8,,,,,,,,,,,,,,,,,,,,,,,,,,,,,,,,,,,,,,,,,,,,,,,,
204674246,B00BPQNC62,77355079401,Knape & Vogt,0138-7CHY,,,,,,,,,,,,,,,,,,,,,,,,,,,,,,,,,,,,,,,,,,,,,,,,
203477781,B008ALF78Q,819175000391,Triton Products,3-220Y-10,,,,,,,,,,,,,,,,,,,,,,,,,,,,,,,,,,,,,,,,,,,,,,,,
301379612,B01GKK7CYA,608729528173,SafeRacks,WS-481872-ZW6,,,,,,,,,,,,,,,,,,,,,,,,,,,,,,,,,,,,,,,,,,,,,,,,
302073746,,672763110069,HDX,31424BPS,,,,,,,,,,,,,,,,,,,,,,,,,,,,,,,,,,,,,,,,,,,,,,,,
207145594,,29274292553,Knape & Vogt,200C AB 6,,,,,,,,,,,,,,,,,,,,,,,,,,,,,,,,,,,,,,,,,,,,,,,,
207145608,B01GWCZDUG,29274292430,Knape & Vogt,200M BLK 6,,,,,,,,,,,,,,,,,,,,,,,,,,,,,,,,,,,,,,,,,,,,,,,,
205667846,B00LL9OZCS,819767010715,Way Basics,W-RECT-BK,,,,,,,,,,,,,,,,,,,,,,,,,,,,,,,,,,,,,,,,,,,,,,,,
100660366,B0018ZQERO,49332994595,The Magellan Group,CMS48W,,,,,,,,,,,,,,,,,,,,,,,,,,,,,,,,,,,,,,,,,,,,,,,,
203485086,,873214006171,Dolle,55169,,,,,,,,,,,,,,,,,,,,,,,,,,,,,,,,,,,,,,,,,,,,,,,,
203215912,B006XKYKCK,847539000749,Honey-Can-Do,SHFSCR-W24,,,,,,,,,,,,,,,,,,,,,,,,,,,,,,,,,,,,,,,,,,,,,,,,
203631314,,48037846260,Home Decorators Collection,9084626,,,,,,,,,,,,,,,,,,,,,,,,,,,,,,,,,,,,,,,,,,,,,,,,
206724750,,,Manhattan Comfort,46AMC6,,,,,,,,,,,,,,,,,,,,,,,,,,,,,,,,,,,,,,,,,,,,,,,,
204288745,B00CKJBDXM,819175001404,Triton,3-210BWS,,,,,,,,,,,,,,,,,,,,,,,,,,,,,,,,,,,,,,,,,,,,,,,,
205667840,B00LL9OUB4,819767010661,Way Basics,W-CUBE-EO,,,,,,,,,,,,,,,,,,,,,,,,,,,,,,,,,,,,,,,,,,,,,,,,
204674092,,77355079500,Knape & Vogt,0137-836BK,,,,,,,,,,,,,,,,,,,,,,,,,,,,,,,,,,,,,,,,,,,,,,,,
206337920,,48037860433,Home Decorators Collection,9085620,,,,,,,,,,,,,,,,,,,,,,,,,,,,,,,,,,,,,,,,,,,,,,,,
205706509,B00G8RK9DC,847539040486,Honey-Can-Do,SHF-04048,,,,,,,,,,,,,,,,,,,,,,,,,,,,,,,,,,,,,,,,,,,,,,,,
100388253,B000ONCUPQ,94416503903,Wallscapes,HWRO836,,,,,,,,,,,,,,,,,,,,,,,,,,,,,,,,,,,,,,,,,,,,,,,,
204674167,B005G1YVW6,77355013900,Knape & Vogt,0139-BK4,,,,,,,,,,,,,,,,,,,,,,,,,,,,,,,,,,,,,,,,,,,,,,,,
203485069,B00106EVO4,873214000100,Dolle,30326,,,,,,,,,,,,,,,,,,,,,,,,,,,,,,,,,,,,,,,,,,,,,,,,
203661901,,94416517610,Home Decorators Collection,HDCCRWTI,,,,,,,,,,,,,,,,,,,,,,,,,,,,,,,,,,,,,,,,,,,,,,,,
203477820,B009Q4D32S,782088100260,Proslat,10026,,,,,,,,,,,,,,,,,,,,,,,,,,,,,,,,,,,,,,,,,,,,,,,,
203530063,B00HDPXFU2,873214005501,Dolle,15408,,,,,,,,,,,,,,,,,,,,,,,,,,,,,,,,,,,,,,,,,,,,,,,,
100679096,,71691220855,Rubbermaid,FG4B8100WHT,,,,,,,,,,,,,,,,,,,,,,,,,,,,,,,,,,,,,,,,,,,,,,,,
203485101,,873214005129,Dolle,16757,,,,,,,,,,,,,,,,,,,,,,,,,,,,,,,,,,,,,,,,,,,,,,,,
203485097,,873214005044,Dolle,19802,,,,,,,,,,,,,,,,,,,,,,,,,,,,,,,,,,,,,,,,,,,,,,,,
202336279,B004Q0MRXI,35441515530,Edsal,WD3024,,,,,,,,,,,,,,,,,,,,,,,,,,,,,,,,,,,,,,,,,,,,,,,,
204660633,,71691481126,Rubbermaid,1893151,,,,,,,,,,,,,,,,,,,,,,,,,,,,,,,,,,,,,,,,,,,,,,,,
100679100,B0063KG4A6,71691221050,Rubbermaid,FG4B2700WHT,,,,,,,,,,,,,,,,,,,,,,,,,,,,,,,,,,,,,,,,,,,,,,,,
203496106,B009Q4D4CC,782088320033,Proslat,88103,,,,,,,,,,,,,,,,,,,,,,,,,,,,,,,,,,,,,,,,,,,,,,,,
205853701,,71691491286,Rubbermaid,1937546,,,,,,,,,,,,,,,,,,,,,,,,,,,,,,,,,,,,,,,,,,,,,,,,
206339735,,813831020198,HDX,HHBFZ-2205,,,,,,,,,,,,,,,,,,,,,,,,,,,,,,,,,,,,,,,,,,,,,,,,
206483747,B00SYWPV9Q,867228000027,Help MyShelf,166025WHFS,,,,,,,,,,,,,,,,,,,,,,,,,,,,,,,,,,,,,,,,,,,,,,,,
204989647,B00JB4USE4,847539000381,Honey-Can-Do,SHF800C2448,,,,,,,,,,,,,,,,,,,,,,,,,,,,,,,,,,,,,,,,,,,,,,,,
100654504,,49332100095,Mural,HDAA24W,,,,,,,,,,,,,,,,,,,,,,,,,,,,,,,,,,,,,,,,,,,,,,,,
205706504,B00LB6EN4Q,847539034232,Honey-Can-Do,SHF-03423,,,,,,,,,,,,,,,,,,,,,,,,,,,,,,,,,,,,,,,,,,,,,,,,
300537447,,887060190502,Home Decorators Collection,9361400270,,,,,,,,,,,,,,,,,,,,,,,,,,,,,,,,,,,,,,,,,,,,,,,,
303645089,,38902132024,High & Mighty,515604,,,,,,,,,,,,,,,,,,,,,,,,,,,,,,,,,,,,,,,,,,,,,,,,
203215709,B006Y7A4K4,847539000039,Honey-Can-Do,SHF250C1424,,,,,,,,,,,,,,,,,,,,,,,,,,,,,,,,,,,,,,,,,,,,,,,,
205706510,B00FVZ7214,847539040523,Honey-Can-Do,SHF-04052,,,,,,,,,,,,,,,,,,,,,,,,,,,,,,,,,,,,,,,,,,,,,,,,
203530035,,816658010403,Dolle,16573,,,,,,,,,,,,,,,,,,,,,,,,,,,,,,,,,,,,,,,,,,,,,,,,
204674244,B00BPQNC8A,77355079425,Knape & Vogt,0138-7OK,,,,,,,,,,,,,,,,,,,,,,,,,,,,,,,,,,,,,,,,,,,,,,,,
204674240,B00BPQNE5G,77355079432,Knape & Vogt,0138-9WT,,,,,,,,,,,,,,,,,,,,,,,,,,,,,,,,,,,,,,,,,,,,,,,,
204674090,B00BN8Z11G,77355079548,Knape & Vogt,0137-1024WT,,,,,,,,,,,,,,,,,,,,,,,,,,,,,,,,,,,,,,,,,,,,,,,,
202518506,B06W2G2P7H,672763108165,HDX,31424WPS-YOW,,,,,,,,,,,,,,,,,,,,,,,,,,,,,,,,,,,,,,,,,,,,,,,,
204655445,B00G26830U,17567095783,Sandusky,WS481274-C,,,,,,,,,,,,,,,,,,,,,,,,,,,,,,,,,,,,,,,,,,,,,,,,
202266706,,94416506270,LTL Home Products,ESCOROPKIT,,,,,,,,,,,,,,,,,,,,,,,,,,,,,,,,,,,,,,,,,,,,,,,,
206315377,,49332109760,Home Decorators Collection,HDRAA24W,,,,,,,,,,,,,,,,,,,,,,,,,,,,,,,,,,,,,,,,,,,,,,,,
203878005,,38861014683,Whitmor,6070-322,,,,,,,,,,,,,,,,,,,,,,,,,,,,,,,,,,,,,,,,,,,,,,,,
206724671,B017XCK0UW,,Manhattan Comfort,43AMC49,,,,,,,,,,,,,,,,,,,,,,,,,,,,,,,,,,,,,,,,,,,,,,,,
300126028,B00B028BQM,77355009422,Knape & Vogt,RP-0094-8PM,,,,,,,,,,,,,,,,,,,,,,,,,,,,,,,,,,,,,,,,,,,,,,,,
206724731,B017XDCJB4,,Manhattan Comfort,44AMC6,,,,,,,,,,,,,,,,,,,,,,,,,,,,,,,,,,,,,,,,,,,,,,,,
206724749,B017XL2E2U,,Manhattan Comfort,45AMC49,,,,,,,,,,,,,,,,,,,,,,,,,,,,,,,,,,,,,,,,,,,,,,,,
207051663,B008GV0HJ4,857198010683,Home Basics,LR01068,,,,,,,,,,,,,,,,,,,,,,,,,,,,,,,,,,,,,,,,,,,,,,,,
204123947,B00BCJTXV0,782088881046,Proslat,88104,,,,,,,,,,,,,,,,,,,,,,,,,,,,,,,,,,,,,,,,,,,,,,,,
203215871,B006Y7AFM6,847539000565,Honey-Can-Do,SHFPOL2-W36,,,,,,,,,,,,,,,,,,,,,,,,,,,,,,,,,,,,,,,,,,,,,,,,
205445849,B00JCCXENM,883049275918,Gladiator,GAWA30SFZW,,,,,,,,,,,,,,,,,,,,,,,,,,,,,,,,,,,,,,,,,,,,,,,,
205853699,,71691491262,Rubbermaid,1937544,,,,,,,,,,,,,,,,,,,,,,,,,,,,,,,,,,,,,,,,,,,,,,,,
202970373,,71691450399,Rubbermaid,1802132,,,,,,,,,,,,,,,,,,,,,,,,,,,,,,,,,,,,,,,,,,,,,,,,
100388236,,94416509141,Wallscapes,GA12030WHKIT,,,,,,,,,,,,,,,,,,,,,,,,,,,,,,,,,,,,,,,,,,,,,,,,
203485111,B000NCWMAG,873214005211,Dolle,16665,,,,,,,,,,,,,,,,,,,,,,,,,,,,,,,,,,,,,,,,,,,,,,,,
205667855,B00LWA8TVY,819767010807,Way Basics,WB-3NC-BK,,,,,,,,,,,,,,,,,,,,,,,,,,,,,,,,,,,,,,,,,,,,,,,,
203619581,B006YTSAP8,850594003297,Trinity,TBFPBR-0901,,,,,,,,,,,,,,,,,,,,,,,,,,,,,,,,,,,,,,,,,,,,,,,,
100676296,,94416511649,Vincenza,VSTRADA824CLKIT,,,,,,,,,,,,,,,,,,,,,,,,,,,,,,,,,,,,,,,,,,,,,,,,
100118601,,71691220787,Rubbermaid,FG4B8100BLA,,,,,,,,,,,,,,,,,,,,,,,,,,,,,,,,,,,,,,,,,,,,,,,,
203485093,B00L1SN8G8,873214003118,Dolle,55213,,,,,,,,,,,,,,,,,,,,,,,,,,,,,,,,,,,,,,,,,,,,,,,,
203485070,B000Q6V62Y,873214000117,Dolle,30197,,,,,,,,,,,,,,,,,,,,,,,,,,,,,,,,,,,,,,,,,,,,,,,,
203215814,B006Y7A6X4,847539000183,Honey-Can-Do,SHF350C1842,,,,,,,,,,,,,,,,,,,,,,,,,,,,,,,,,,,,,,,,,,,,,,,,
204388094,B00DPNVZ5S,35441097050,Edsal,PB8504R,,,,,,,,,,,,,,,,,,,,,,,,,,,,,,,,,,,,,,,,,,,,,,,,
205667857,B00MIQ7R9Q,819767010913,Way Basics,WB-4MU-WE,,,,,,,,,,,,,,,,,,,,,,,,,,,,,,,,,,,,,,,,,,,,,,,,
203619574,B00794ERHW,850594003105,Trinity,TBFC-0904,,,,,,,,,,,,,,,,,,,,,,,,,,,,,,,,,,,,,,,,,,,,,,,,
207145623,,29274292645,Knape & Vogt,200S AB 8,,,,,,,,,,,,,,,,,,,,,,,,,,,,,,,,,,,,,,,,,,,,,,,,
204660652,,71691481249,Rubbermaid,1893158,,,,,,,,,,,,,,,,,,,,,,,,,,,,,,,,,,,,,,,,,,,,,,,,
204388100,B00DPNWSP4,35441825592,Edsal,PB303,,,,,,,,,,,,,,,,,,,,,,,,,,,,,,,,,,,,,,,,,,,,,,,,
204674073,,29274177737,Knape & Vogt,2110UC 12X12,,,,,,,,,,,,,,,,,,,,,,,,,,,,,,,,,,,,,,,,,,,,,,,,
203485074,,873214000148,Dolle,30210,,,,,,,,,,,,,,,,,,,,,,,,,,,,,,,,,,,,,,,,,,,,,,,,
205323718,B00CX4XMQ0,29986770134,SystemBuild,7701296S,,,,,,,,,,,,,,,,,,,,,,,,,,,,,,,,,,,,,,,,,,,,,,,,
204288753,B00CKJBGNO,819175001435,Triton Products,3-220YWS,,,,,,,,,,,,,,,,,,,,,,,,,,,,,,,,,,,,,,,,,,,,,,,,
202940254,,684962116162,Floating Glass Shelves,S16,,,,,,,,,,,,,,,,,,,,,,,,,,,,,,,,,,,,,,,,,,,,,,,,
300388961,B016C1RRWO,64307010391,Kiera Grace,FN00381-2INT,,,,,,,,,,,,,,,,,,,,,,,,,,,,,,,,,,,,,,,,,,,,,,,,
100388200,B000ONESA6,94416508885,Wallscapes,GL9020OPKIT,,,,,,,,,,,,,,,,,,,,,,,,,,,,,,,,,,,,,,,,,,,,,,,,
207145628,,29274292577,Knape & Vogt,200S WH 6,,,,,,,,,,,,,,,,,,,,,,,,,,,,,,,,,,,,,,,,,,,,,,,,
204989619,B00E5UOL6A,847539035215,Honey-Can-Do,SHF-03521,,,,,,,,,,,,,,,,,,,,,,,,,,,,,,,,,,,,,,,,,,,,,,,,
100654496,,49332100101,Mural,AA36W,,,,,,,,,,,,,,,,,,,,,,,,,,,,,,,,,,,,,,,,,,,,,,,,
204640294,B00L2LZWZ4,816658010762,Dolle,55312,,,,,,,,,,,,,,,,,,,,,,,,,,,,,,,,,,,,,,,,,,,,,,,,
204288773,B00CKJBFMQ,819175001459,Triton Products,3-220RWS,,,,,,,,,,,,,,,,,,,,,,,,,,,,,,,,,,,,,,,,,,,,,,,,
203685925,B007W5WA7W,850594003532,Trinity,TBFZ-0909,,,,,,,,,,,,,,,,,,,,,,,,,,,,,,,,,,,,,,,,,,,,,,,,
203662913,B00GD3IW6M,49332003105,Home Decorators Collection,HDUCC12E,,,,,,,,,,,,,,,,,,,,,,,,,,,,,,,,,,,,,,,,,,,,,,,,
203662797,,49332000111,Home Decorators Collection,HDCAEC12E,,,,,,,,,,,,,,,,,,,,,,,,,,,,,,,,,,,,,,,,,,,,,,,,
203631472,,48037846185,Home Decorators Collection,9084618,,,,,,,,,,,,,,,,,,,,,,,,,,,,,,,,,,,,,,,,,,,,,,,,
202627515,B005FW1W96,811434015740,Honey-Can-Do,SHF-01574,,,,,,,,,,,,,,,,,,,,,,,,,,,,,,,,,,,,,,,,,,,,,,,,
203664424,B00IKVL5VY,49332998647,Home Decorators Collection,HDCVL24E,,,,,,,,,,,,,,,,,,,,,,,,,,,,,,,,,,,,,,,,,,,,,,,,
202788309,,71691450153,Rubbermaid,1802061,,,,,,,,,,,,,,,,,,,,,,,,,,,,,,,,,,,,,,,,,,,,,,,,
207145599,,29274292546,Knape & Vogt,200C SN 8,,,,,,,,,,,,,,,,,,,,,,,,,,,,,,,,,,,,,,,,,,,,,,,,
100388205,B000ONESDI,94416508939,Wallscapes,GL9030CLKIT,,,,,,,,,,,,,,,,,,,,,,,,,,,,,,,,,,,,,,,,,,,,,,,,
203485094,B000NCTFTW,873214005006,Dolle,19789,,,,,,,,,,,,,,,,,,,,,,,,,,,,,,,,,,,,,,,,,,,,,,,,
301884585,,35441044115,Muscle Rack,CPHP-GAL-4,,,,,,,,,,,,,,,,,,,,,,,,,,,,,,,,,,,,,,,,,,,,,,,,
207145590,,29274310530,Knape & Vogt,200BR AB 8,,,,,,,,,,,,,,,,,,,,,,,,,,,,,,,,,,,,,,,,,,,,,,,,
206429620,,48037860358,Home Decorators Collection,9085602,,,,,,,,,,,,,,,,,,,,,,,,,,,,,,,,,,,,,,,,,,,,,,,,
204288770,B00CKJBGMA,819175001442,Triton Products,3-220BWS,,,,,,,,,,,,,,,,,,,,,,,,,,,,,,,,,,,,,,,,,,,,,,,,
207145604,,29274310585,Knape & Vogt,200CH SN 8,,,,,,,,,,,,,,,,,,,,,,,,,,,,,,,,,,,,,,,,,,,,,,,,
206337899,,48037860662,Home Decorators Collection,9085644,,,,,,,,,,,,,,,,,,,,,,,,,,,,,,,,,,,,,,,,,,,,,,,,
100679075,B00917CS7G,71691219606,Rubbermaid,FG4B7700WHT,,,,,,,,,,,,,,,,,,,,,,,,,,,,,,,,,,,,,,,,,,,,,,,,
204388079,B00DPNVQBQ,35441825776,Edsal,PB8502Y,,,,,,,,,,,,,,,,,,,,,,,,,,,,,,,,,,,,,,,,,,,,,,,,
204603425,B00L00BCVK,886096001165,HDX,EH-WSHDI-003,,,,,,,,,,,,,,,,,,,,,,,,,,,,,,,,,,,,,,,,,,,,,,,,
205706515,B00Q758M16,847539052267,Honey-Can-Do,SHF-05226,,,,,,,,,,,,,,,,,,,,,,,,,,,,,,,,,,,,,,,,,,,,,,,,
202493260,B0030BEPPC,811434014415,Honey-Can-Do,SHF-01441,,,,,,,,,,,,,,,,,,,,,,,,,,,,,,,,,,,,,,,,,,,,,,,,
206337902,,48037860532,Home Decorators Collection,9085640,,,,,,,,,,,,,,,,,,,,,,,,,,,,,,,,,,,,,,,,,,,,,,,,
206795306,B00UL431EW,731050005713,Unbranded,DM1448OK,,,,,,,,,,,,,,,,,,,,,,,,,,,,,,,,,,,,,,,,,,,,,,,,
203661892,,94416517528,Home Decorators Collection,HDCGLWAVEMINIOP,,,,,,,,,,,,,,,,,,,,,,,,,,,,,,,,,,,,,,,,,,,,,,,,
301379623,B01H2KCE3Q,724696006008,SafeRacks,WS-481872-ZW4,,,,,,,,,,,,,,,,,,,,,,,,,,,,,,,,,,,,,,,,,,,,,,,,
204388077,B00DPNVLVQ,35441825738,Edsal,PB8501B,,,,,,,,,,,,,,,,,,,,,,,,,,,,,,,,,,,,,,,,,,,,,,,,
203215819,B0072O7VOU,847539000206,Honey-Can-Do,SHF350C2448,,,,,,,,,,,,,,,,,,,,,,,,,,,,,,,,,,,,,,,,,,,,,,,,
203661902,,94416517627,Home Decorators Collection,HDCDIATI,,,,,,,,,,,,,,,,,,,,,,,,,,,,,,,,,,,,,,,,,,,,,,,,
204777505,B00IO3A6JA,817592015141,MyOwnersBox,11098-003CBGS,,,,,,,,,,,,,,,,,,,,,,,,,,,,,,,,,,,,,,,,,,,,,,,,
203664422,B00IKVL4O2,49332000319,Home Decorators Collection,HDUCSE516,,,,,,,,,,,,,,,,,,,,,,,,,,,,,,,,,,,,,,,,,,,,,,,,
205853700,,71691491279,Rubbermaid,1937545,,,,,,,,,,,,,,,,,,,,,,,,,,,,,,,,,,,,,,,,,,,,,,,,
206942836,B01H5R3M4G,847539043968,Honey-Can-Do,SHF-04396,,,,,,,,,,,,,,,,,,,,,,,,,,,,,,,,,,,,,,,,,,,,,,,,
204280740,,883049139616,Gladiator,GAWA45SFTG,,,,,,,,,,,,,,,,,,,,,,,,,,,,,,,,,,,,,,,,,,,,,,,,
100676303,,94416510178,Unbranded,VAZURE1024RB,,,,,,,,,,,,,,,,,,,,,,,,,,,,,,,,,,,,,,,,,,,,,,,,
203215738,B006Y7A5HG,847539000091,Honey-Can-Do,SHF350B1424,,,,,,,,,,,,,,,,,,,,,,,,,,,,,,,,,,,,,,,,,,,,,,,,
207145617,B0013IQ58Y,29274292096,Knape & Vogt,200OP BLK 8,,,,,,,,,,,,,,,,,,,,,,,,,,,,,,,,,,,,,,,,,,,,,,,,
203485092,B00KVOHLZW,873214003101,Dolle,55206,,,,,,,,,,,,,,,,,,,,,,,,,,,,,,,,,,,,,,,,,,,,,,,,
204733953,B00YQ302HI,731161029967,Keter,215659,,,,,,,,,,,,,,,,,,,,,,,,,,,,,,,,,,,,,,,,,,,,,,,,
202493269,B0041RRPCY,811434014514,Honey-Can-Do,CRT-01451,,,,,,,,,,,,,,,,,,,,,,,,,,,,,,,,,,,,,,,,,,,,,,,,
206337866,,48037860419,Home Decorators Collection,9085616,,,,,,,,,,,,,,,,,,,,,,,,,,,,,,,,,,,,,,,,,,,,,,,,
301379474,B01GP41YZ4,608729528180,SafeRacks,WS-361872-ZW5,,,,,,,,,,,,,,,,,,,,,,,,,,,,,,,,,,,,,,,,,,,,,,,,
204280744,B0015IYSR2,50946994260,Gladiator,GAWA30SFRG,,,,,,,,,,,,,,,,,,,,,,,,,,,,,,,,,,,,,,,,,,,,,,,,
203215883,B006XL1KJK,847539000602,Honey-Can-Do,SHFSCR-B14,,,,,,,,,,,,,,,,,,,,,,,,,,,,,,,,,,,,,,,,,,,,,,,,
302836352,,71691474005,Rubbermaid,1865713,,,,,,,,,,,,,,,,,,,,,,,,,,,,,,,,,,,,,,,,,,,,,,,,
203901004,B00J9Q4B6K,847539023663,Honey-Can-Do,SHFX02366,,,,,,,,,,,,,,,,,,,,,,,,,,,,,,,,,,,,,,,,,,,,,,,,
203529921,,816658010359,Dolle,55404,,,,,,,,,,,,,,,,,,,,,,,,,,,,,,,,,,,,,,,,,,,,,,,,
204388075,B00DPNVIIC,35441097029,Edsal,PB8500R,,,,,,,,,,,,,,,,,,,,,,,,,,,,,,,,,,,,,,,,,,,,,,,,
204674096,B00BN8Z170,77355079517,Knape & Vogt,0137-836CHY,,,,,,,,,,,,,,,,,,,,,,,,,,,,,,,,,,,,,,,,,,,,,,,,
203485106,B000NCTNTO,873214005082,Dolle,17457,,,,,,,,,,,,,,,,,,,,,,,,,,,,,,,,,,,,,,,,,,,,,,,,
203215829,B00G8RK8J2,847539000244,Honey-Can-Do,SHF350W1842,,,,,,,,,,,,,,,,,,,,,,,,,,,,,,,,,,,,,,,,,,,,,,,,
206337889,B01NCRWLJ7,48037860396,Home Decorators Collection,9085612,,,,,,,,,,,,,,,,,,,,,,,,,,,,,,,,,,,,,,,,,,,,,,,,
100388223,,94416509011,Wallscapes,BS12025BEKIT,,,,,,,,,,,,,,,,,,,,,,,,,,,,,,,,,,,,,,,,,,,,,,,,
205885545,B06X6B6DPP,886096001417,HDX,EH-WSTHDUS-006B,,,,,,,,,,,,,,,,,,,,,,,,,,,,,,,,,,,,,,,,,,,,,,,,
204288899,B00CKJBFU8,819175001695,Triton Products,LB18-T,,,,,,,,,,,,,,,,,,,,,,,,,,,,,,,,,,,,,,,,,,,,,,,,
100388199,B000ONCU38,94416508878,Wallscapes,GL9020CLKIT,,,,,,,,,,,,,,,,,,,,,,,,,,,,,,,,,,,,,,,,,,,,,,,,
100676291,,94416510154,Unbranded,VAZURE1012RB,,,,,,,,,,,,,,,,,,,,,,,,,,,,,,,,,,,,,,,,,,,,,,,,
204660678,,71691480617,Rubbermaid,1891902,,,,,,,,,,,,,,,,,,,,,,,,,,,,,,,,,,,,,,,,,,,,,,,,
206337868,,48037860488,Home Decorators Collection,9085630,,,,,,,,,,,,,,,,,,,,,,,,,,,,,,,,,,,,,,,,,,,,,,,,
203485079,,873214000216,Dolle,30289,,,,,,,,,,,,,,,,,,,,,,,,,,,,,,,,,,,,,,,,,,,,,,,,
202627570,B005FYDWVU,811434019113,Honey-Can-Do,SHF-01911,,,,,,,,,,,,,,,,,,,,,,,,,,,,,,,,,,,,,,,,,,,,,,,,
205667844,B00LL9P036,819767010692,Way Basics,W-RECT-WE,,,,,,,,,,,,,,,,,,,,,,,,,,,,,,,,,,,,,,,,,,,,,,,,
204288878,B00CKJBFXK,819175001527,Triton Products,3-240RWS,,,,,,,,,,,,,,,,,,,,,,,,,,,,,,,,,,,,,,,,,,,,,,,,
204640295,B00KXLWV1C,816658010793,Dolle,55350,,,,,,,,,,,,,,,,,,,,,,,,,,,,,,,,,,,,,,,,,,,,,,,,
204640297,B00KW1H9R4,816658010441,Dolle,34195,,,,,,,,,,,,,,,,,,,,,,,,,,,,,,,,,,,,,,,,,,,,,,,,
203485062,B000Q6V61U,873214000018,Dolle,30104,,,,,,,,,,,,,,,,,,,,,,,,,,,,,,,,,,,,,,,,,,,,,,,,
100476885,B0000224XS,92333520379,MK Diamond,MK- 799D 12 In.,,,,,,,,,,,,,,,,,,,,,,,,,,,,,,,,,,,,,,,,,,,,,,,,
300388963,,64307010407,Kiera Grace,FN00382-9INT,,,,,,,,,,,,,,,,,,,,,,,,,,,,,,,,,,,,,,,,,,,,,,,,
207145618,,29274292102,Knape & Vogt,200OP SN 6,,,,,,,,,,,,,,,,,,,,,,,,,,,,,,,,,,,,,,,,,,,,,,,,
204655452,B00G2685XA,17567095806,Sandusky,WS721274-C,,,,,,,,,,,,,,,,,,,,,,,,,,,,,,,,,,,,,,,,,,,,,,,,
205559612,,672763109742,HDX,21436BPS,,,,,,,,,,,,,,,,,,,,,,,,,,,,,,,,,,,,,,,,,,,,,,,,
203485114,B00KXYDOV0,873214005228,Dolle,16658,,,,,,,,,,,,,,,,,,,,,,,,,,,,,,,,,,,,,,,,,,,,,,,,
206337897,,48037860556,Home Decorators Collection,9085646,,,,,,,,,,,,,,,,,,,,,,,,,,,,,,,,,,,,,,,,,,,,,,,,
204989618,B00I2PHXTQ,847539034942,Honey-Can-Do,SHF-03494,,,,,,,,,,,,,,,,,,,,,,,,,,,,,,,,,,,,,,,,,,,,,,,,
204989641,B00JB4USDA,847539000350,Honey-Can-Do,SHF800C1636,,,,,,,,,,,,,,,,,,,,,,,,,,,,,,,,,,,,,,,,,,,,,,,,
202516937,B0045EQ02O,817743010124,HyLoft,1012,,,,,,,,,,,,,,,,,,,,,,,,,,,,,,,,,,,,,,,,,,,,,,,,
206337907,,48037860549,Home Decorators Collection,9085642,,,,,,,,,,,,,,,,,,,,,,,,,,,,,,,,,,,,,,,,,,,,,,,,
203631316,,48037846284,Home Decorators Collection,9084628,,,,,,,,,,,,,,,,,,,,,,,,,,,,,,,,,,,,,,,,,,,,,,,,
204989660,B00M75SR24,847539050577,Honey-Can-Do,SHFZ01012,,,,,,,,,,,,,,,,,,,,,,,,,,,,,,,,,,,,,,,,,,,,,,,,
206942833,B01H5R3JKS,847539043807,Honey-Can-Do,SHF-04380,,,,,,,,,,,,,,,,,,,,,,,,,,,,,,,,,,,,,,,,,,,,,,,,
300342883,B01C60F5A6,76308731038,Command,HOM22S-ES,,,,,,,,,,,,,,,,,,,,,,,,,,,,,,,,,,,,,,,,,,,,,,,,
100187962,B00ASTQAPW,49332994571,The Magellan Group,CMS24W,,,,,,,,,,,,,,,,,,,,,,,,,,,,,,,,,,,,,,,,,,,,,,,,
204660631,B00R82COKW,71691481089,Rubbermaid,1892859,,,,,,,,,,,,,,,,,,,,,,,,,,,,,,,,,,,,,,,,,,,,,,,,
204751288,B00A6VSIA2,49332998562,Unbranded,HS24E,,,,,,,,,,,,,,,,,,,,,,,,,,,,,,,,,,,,,,,,,,,,,,,,
206483746,B014XK3KBS,867228000003,Help MyShelf,126025WHFS,,,,,,,,,,,,,,,,,,,,,,,,,,,,,,,,,,,,,,,,,,,,,,,,
203530031,B000V4HFXA,873214006003,Dolle,19857,,,,,,,,,,,,,,,,,,,,,,,,,,,,,,,,,,,,,,,,,,,,,,,,
300126041,,77355008739,Knape & Vogt,RP-0087-6BK,,,,,,,,,,,,,,,,,,,,,,,,,,,,,,,,,,,,,,,,,,,,,,,,
204513670,B00IKVIEHW,44365021140,Suncast,BMSA7S,,,,,,,,,,,,,,,,,,,,,,,,,,,,,,,,,,,,,,,,,,,,,,,,
206337880,,48037860624,Home Decorators Collection,9085818,,,,,,,,,,,,,,,,,,,,,,,,,,,,,,,,,,,,,,,,,,,,,,,,
205482042,B00PADD9JG,782088600012,Proslat,60001,,,,,,,,,,,,,,,,,,,,,,,,,,,,,,,,,,,,,,,,,,,,,,,,
207145612,,29274292416,Knape & Vogt,200M WH 6,,,,,,,,,,,,,,,,,,,,,,,,,,,,,,,,,,,,,,,,,,,,,,,,
204640296,B00L44HX1K,816658010427,Dolle,34133,,,,,,,,,,,,,,,,,,,,,,,,,,,,,,,,,,,,,,,,,,,,,,,,
203485075,B00IKVGJH4,873214000162,Dolle,30234,,,,,,,,,,,,,,,,,,,,,,,,,,,,,,,,,,,,,,,,,,,,,,,,
204660627,,71691481027,Rubbermaid,1892855,,,,,,,,,,,,,,,,,,,,,,,,,,,,,,,,,,,,,,,,,,,,,,,,
206724178,B0192REJ7G,,Manhattan Comfort,16AMC6,,,,,,,,,,,,,,,,,,,,,,,,,,,,,,,,,,,,,,,,,,,,,,,,
202493261,B0030BEPP2,811434014408,Honey-Can-Do,SHF-01440,,,,,,,,,,,,,,,,,,,,,,,,,,,,,,,,,,,,,,,,,,,,,,,,
202600243,B004C04OKQ,819175003330,Triton Products,3-210B,,,,,,,,,,,,,,,,,,,,,,,,,,,,,,,,,,,,,,,,,,,,,,,,
203901002,B00IKVRRSO,847539023540,Honey-Can-Do,SHFX02354,,,,,,,,,,,,,,,,,,,,,,,,,,,,,,,,,,,,,,,,,,,,,,,,
202336276,,35441515462,Edsal,PB3024,,,,,,,,,,,,,,,,,,,,,,,,,,,,,,,,,,,,,,,,,,,,,,,,
204660651,,71691481225,Rubbermaid,1893157,,,,,,,,,,,,,,,,,,,,,,,,,,,,,,,,,,,,,,,,,,,,,,,,
204603407,B00L27LAUE,886096001158,HDX,EH-WSHDI-002,,,,,,,,,,,,,,,,,,,,,,,,,,,,,,,,,,,,,,,,,,,,,,,,
203485068,,873214000094,Dolle,30180,,,,,,,,,,,,,,,,,,,,,,,,,,,,,,,,,,,,,,,,,,,,,,,,
204363307,B00KZ5U348,672763109353,HDX,21636-4SBPSYOW,,,,,,,,,,,,,,,,,,,,,,,,,,,,,,,,,,,,,,,,,,,,,,,,
204388074,B00DPNVGBG,35441825707,Edsal,PB8500B,,,,,,,,,,,,,,,,,,,,,,,,,,,,,,,,,,,,,,,,,,,,,,,,
207145622,,29274292638,Knape & Vogt,200S AB 6,,,,,,,,,,,,,,,,,,,,,,,,,,,,,,,,,,,,,,,,,,,,,,,,
204674101,B0042U87RW,77355014037,Knape & Vogt,0140-24WT,,,,,,,,,,,,,,,,,,,,,,,,,,,,,,,,,,,,,,,,,,,,,,,,
100200907,B005IZ6OQQ,71691182610,Rubbermaid,4B2500BLA,,,,,,,,,,,,,,,,,,,,,,,,,,,,,,,,,,,,,,,,,,,,,,,,
204989622,B00JB4UQDC,847539000275,Honey-Can-Do,SHF800B1424,,,,,,,,,,,,,,,,,,,,,,,,,,,,,,,,,,,,,,,,,,,,,,,,
203530037,,873214005020,Dolle,17754,,,,,,,,,,,,,,,,,,,,,,,,,,,,,,,,,,,,,,,,,,,,,,,,
204388101,B00DPNWUKM,35441825608,Edsal,PB304,,,,,,,,,,,,,,,,,,,,,,,,,,,,,,,,,,,,,,,,,,,,,,,,
100120485,,71691220879,Rubbermaid,FG4B8000BLA,,,,,,,,,,,,,,,,,,,,,,,,,,,,,,,,,,,,,,,,,,,,,,,,
203664443,,49332998753,Home Decorators Collection,HDCSL24B,,,,,,,,,,,,,,,,,,,,,,,,,,,,,,,,,,,,,,,,,,,,,,,,
203740658,B0000CH1GX,887060056280,Home Decorators Collection,2455240130,,,,,,,,,,,,,,,,,,,,,,,,,,,,,,,,,,,,,,,,,,,,,,,,
206724172,B017SM4W24,,Manhattan Comfort,16AMC49,,,,,,,,,,,,,,,,,,,,,,,,,,,,,,,,,,,,,,,,,,,,,,,,
206337859,,48037860471,Home Decorators Collection,9085628,,,,,,,,,,,,,,,,,,,,,,,,,,,,,,,,,,,,,,,,,,,,,,,,
203485087,,873214006188,Dolle,55176,,,,,,,,,,,,,,,,,,,,,,,,,,,,,,,,,,,,,,,,,,,,,,,,
300126033,,77355008708,Knape & Vogt,RP-0087-6PM,,,,,,,,,,,,,,,,,,,,,,,,,,,,,,,,,,,,,,,,,,,,,,,,
205667839,B00LL9OUFK,819767010654,Way Basics,W-CUBE-WE,,,,,,,,,,,,,,,,,,,,,,,,,,,,,,,,,,,,,,,,,,,,,,,,
301885931,,35441044221,Muscle Rack,CPOUT-GRY-4,,,,,,,,,,,,,,,,,,,,,,,,,,,,,,,,,,,,,,,,,,,,,,,,
206429670,,48037860365,Home Decorators Collection,9085606,,,,,,,,,,,,,,,,,,,,,,,,,,,,,,,,,,,,,,,,,,,,,,,,
203901100,B00MNH11YC,847539024363,Honey-Can-Do,SHFX02436,,,,,,,,,,,,,,,,,,,,,,,,,,,,,,,,,,,,,,,,,,,,,,,,
203664449,,49332998784,Home Decorators Collection,HDCSL36W,,,,,,,,,,,,,,,,,,,,,,,,,,,,,,,,,,,,,,,,,,,,,,,,
205667850,B00LWA8PFO,819767010753,Way Basics,WB-2NC-EO,,,,,,,,,,,,,,,,,,,,,,,,,,,,,,,,,,,,,,,,,,,,,,,,
203877999,B004BDP67E,38861085652,Whitmor,6060-3436,,,,,,,,,,,,,,,,,,,,,,,,,,,,,,,,,,,,,,,,,,,,,,,,
202441674,,846877004976,Home Decorators Collection,2455340260,,,,,,,,,,,,,,,,,,,,,,,,,,,,,,,,,,,,,,,,,,,,,,,,
100679070,B0063K9GII,71691220961,Rubbermaid,FG4B7900WHT,,,,,,,,,,,,,,,,,,,,,,,,,,,,,,,,,,,,,,,,,,,,,,,,
206688093,,886096001554,HDX,SL-SSHD-34C,,,,,,,,,,,,,,,,,,,,,,,,,,,,,,,,,,,,,,,,,,,,,,,,
203485091,B00KQ17KZG,873214005785,Dolle,55091,,,,,,,,,,,,,,,,,,,,,,,,,,,,,,,,,,,,,,,,,,,,,,,,
204674183,,29274219048,Knape & Vogt,2141 UNF 10,,,,,,,,,,,,,,,,,,,,,,,,,,,,,,,,,,,,,,,,,,,,,,,,
206337912,,48037860440,Home Decorators Collection,9085622,,,,,,,,,,,,,,,,,,,,,,,,,,,,,,,,,,,,,,,,,,,,,,,,
203530081,,873214005457,Dolle,33150,,,,,,,,,,,,,,,,,,,,,,,,,,,,,,,,,,,,,,,,,,,,,,,,
203662716,,49332000104,Home Decorators Collection,HDCAE42W,,,,,,,,,,,,,,,,,,,,,,,,,,,,,,,,,,,,,,,,,,,,,,,,
206724175,,,Manhattan Comfort,17AMC49,,,,,,,,,,,,,,,,,,,,,,,,,,,,,,,,,,,,,,,,,,,,,,,,
100679089,,71691220725,Rubbermaid,FG4B8500WHT,,,,,,,,,,,,,,,,,,,,,,,,,,,,,,,,,,,,,,,,,,,,,,,,
205323717,B00CXAJFZG,29986770127,SystemBuild,7701196S,,,,,,,,,,,,,,,,,,,,,,,,,,,,,,,,,,,,,,,,,,,,,,,,
301625062,B07574WBG7,676065530068,NewAge Products,53006,,,,,,,,,,,,,,,,,,,,,,,,,,,,,,,,,,,,,,,,,,,,,,,,
202847458,B00I60CTG4,48037992301,Lewis Hyman,199230,,,,,,,,,,,,,,,,,,,,,,,,,,,,,,,,,,,,,,,,,,,,,,,,
202940275,B00KVKRJ62,684962610240,Floating Glass Shelves,RT1024,,,,,,,,,,,,,,,,,,,,,,,,,,,,,,,,,,,,,,,,,,,,,,,,
206339734,,813831020211,HDX,HHBFZ-2207,,,,,,,,,,,,,,,,,,,,,,,,,,,,,,,,,,,,,,,,,,,,,,,,
204660680,B00IKVLYNS,71691480648,Rubbermaid,1891904,,,,,,,,,,,,,,,,,,,,,,,,,,,,,,,,,,,,,,,,,,,,,,,,
203651485,,49332000029,Home Decorators Collection,HDC2LEDW,,,,,,,,,,,,,,,,,,,,,,,,,,,,,,,,,,,,,,,,,,,,,,,,
204653876,B00G268CRO,17567094670,Sandusky,WS121212-C,,,,,,,,,,,,,,,,,,,,,,,,,,,,,,,,,,,,,,,,,,,,,,,,
203215605,B0041RRPEC,811434017034,Honey-Can-Do,CRT-01703,,,,,,,,,,,,,,,,,,,,,,,,,,,,,,,,,,,,,,,,,,,,,,,,
203215747,B006Y7A92M,847539000121,Honey-Can-Do,SHF350B1842,,,,,,,,,,,,,,,,,,,,,,,,,,,,,,,,,,,,,,,,,,,,,,,,
203651507,B00IKVGF6O,49332000036,Home Decorators Collection,HDCAA24E,,,,,,,,,,,,,,,,,,,,,,,,,,,,,,,,,,,,,,,,,,,,,,,,
100388250,,94416503897,Wallscapes,HWRO824,,,,,,,,,,,,,,,,,,,,,,,,,,,,,,,,,,,,,,,,,,,,,,,,
100676292,,94416510192,LTL Home Products,VAZURE1036RB,,,,,,,,,,,,,,,,,,,,,,,,,,,,,,,,,,,,,,,,,,,,,,,,
301885846,,35441044191,Muscle Rack,CPOUT-BLK-4,,,,,,,,,,,,,,,,,,,,,,,,,,,,,,,,,,,,,,,,,,,,,,,,
207145625,B002V9LDRC,29274292607,Knape & Vogt,200S BLK 8,,,,,,,,,,,,,,,,,,,,,,,,,,,,,,,,,,,,,,,,,,,,,,,,
202627525,B005FW1WHI,811434019045,Honey-Can-Do,SHF-01904,,,,,,,,,,,,,,,,,,,,,,,,,,,,,,,,,,,,,,,,,,,,,,,,
300126034,B00B0285GS,77355009309,Knape & Vogt,RP-0093-8BK,,,,,,,,,,,,,,,,,,,,,,,,,,,,,,,,,,,,,,,,,,,,,,,,
204466879,B00HFXJBI2,886096001097,Unbranded,EH-WSTHDUS-005,,,,,,,,,,,,,,,,,,,,,,,,,,,,,,,,,,,,,,,,,,,,,,,,
100161463,,71691220930,Rubbermaid,FG4B7900BLA,,,,,,,,,,,,,,,,,,,,,,,,,,,,,,,,,,,,,,,,,,,,,,,,
205323723,B00L3F1LFE,29986770172,SystemBuild,7701696S,,,,,,,,,,,,,,,,,,,,,,,,,,,,,,,,,,,,,,,,,,,,,,,,
203878093,,38861092902,Whitmor,6307-1729-BLK-BB,,,,,,,,,,,,,,,,,,,,,,,,,,,,,,,,,,,,,,,,,,,,,,,,
202368345,,846877003832,Home Decorators Collection,2455420930,,,,,,,,,,,,,,,,,,,,,,,,,,,,,,,,,,,,,,,,,,,,,,,,
206029473,,49332107520,Home Decorators Collection,HDUCSE824,,,,,,,,,,,,,,,,,,,,,,,,,,,,,,,,,,,,,,,,,,,,,,,,
203485066,B000VYNW00,873214000063,Dolle,30159,,,,,,,,,,,,,,,,,,,,,,,,,,,,,,,,,,,,,,,,,,,,,,,,
300126031,B00B027WP8,77355009033,Knape & Vogt,RP-0090-7BK,,,,,,,,,,,,,,,,,,,,,,,,,,,,,,,,,,,,,,,,,,,,,,,,
204674234,B00ESUUDT6,77355012910,Knape & Vogt,0129-5BK2,,,,,,,,,,,,,,,,,,,,,,,,,,,,,,,,,,,,,,,,,,,,,,,,
204652429,B00G268AI0,17567094663,Sandusky,WS201232-C,,,,,,,,,,,,,,,,,,,,,,,,,,,,,,,,,,,,,,,,,,,,,,,,
203664445,,49332998760,Home Decorators Collection,HDCSL36B,,,,,,,,,,,,,,,,,,,,,,,,,,,,,,,,,,,,,,,,,,,,,,,,
204674242,B00BPQNCBC,77355079395,Knape & Vogt,0138-7BK,,,,,,,,,,,,,,,,,,,,,,,,,,,,,,,,,,,,,,,,,,,,,,,,
202627521,B005FW1WDC,811434019038,Honey-Can-Do,SHF-01903,,,,,,,,,,,,,,,,,,,,,,,,,,,,,,,,,,,,,,,,,,,,,,,,
204674100,B0042U87TA,77355014068,Knape & Vogt,0140-36BK,,,,,,,,,,,,,,,,,,,,,,,,,,,,,,,,,,,,,,,,,,,,,,,,
202940256,,684962216169,Floating Glass Shelves,T16,,,,,,,,,,,,,,,,,,,,,,,,,,,,,,,,,,,,,,,,,,,,,,,,
206315382,,49332108671,Home Decorators Collection,HDRAA24E,,,,,,,,,,,,,,,,,,,,,,,,,,,,,,,,,,,,,,,,,,,,,,,,
300711819,B01FVGN6QC,847539066271,Honey-Can-Do,STO-06627,,,,,,,,,,,,,,,,,,,,,,,,,,,,,,,,,,,,,,,,,,,,,,,,
205323720,,29986770141,SystemBuild,7701396S,,,,,,,,,,,,,,,,,,,,,,,,,,,,,,,,,,,,,,,,,,,,,,,,
206688094,,886096001547,HDX,SL-SSHD-34B,,,,,,,,,,,,,,,,,,,,,,,,,,,,,,,,,,,,,,,,,,,,,,,,
204989640,B00JB4URI6,847539000343,Honey-Can-Do,SHF800C1436,,,,,,,,,,,,,,,,,,,,,,,,,,,,,,,,,,,,,,,,,,,,,,,,
207145607,B075GTR2NT,29274292485,Knape & Vogt,200M AB 8,,,,,,,,,,,,,,,,,,,,,,,,,,,,,,,,,,,,,,,,,,,,,,,,
202627508,B005FW1W1E,811434015733,Honey-Can-Do,SHF-01573,,,,,,,,,,,,,,,,,,,,,,,,,,,,,,,,,,,,,,,,,,,,,,,,
204674134,,77355013474,Knape & Vogt,0134-736GL,,,,,,,,,,,,,,,,,,,,,,,,,,,,,,,,,,,,,,,,,,,,,,,,
204734099,B00L01CSZI,731161041501,Keter,217875,,,,,,,,,,,,,,,,,,,,,,,,,,,,,,,,,,,,,,,,,,,,,,,,
203485110,,873214005204,Dolle,16672,,,,,,,,,,,,,,,,,,,,,,,,,,,,,,,,,,,,,,,,,,,,,,,,
204145706,B00BFJA4MY,66311052756,South Shore,5227970,,,,,,,,,,,,,,,,,,,,,,,,,,,,,,,,,,,,,,,,,,,,,,,,
204655411,B00G267XV0,17567095769,Sandusky,WS723674-C,,,,,,,,,,,,,,,,,,,,,,,,,,,,,,,,,,,,,,,,,,,,,,,,
204660648,,71691481294,Rubbermaid,1893154,,,,,,,,,,,,,,,,,,,,,,,,,,,,,,,,,,,,,,,,,,,,,,,,
100388254,B000ONESS8,94416504078,Wallscapes,HWRP836,,,,,,,,,,,,,,,,,,,,,,,,,,,,,,,,,,,,,,,,,,,,,,,,
204388099,,35441825585,Edsal,PB302,,,,,,,,,,,,,,,,,,,,,,,,,,,,,,,,,,,,,,,,,,,,,,,,
301625179,B076GZ7MMH,676065550066,NewAge Products,55006,,,,,,,,,,,,,,,,,,,,,,,,,,,,,,,,,,,,,,,,,,,,,,,,
100388251,B000ONCUTW,94416504061,Wallscapes,HWRP824,,,,,,,,,,,,,,,,,,,,,,,,,,,,,,,,,,,,,,,,,,,,,,,,
205445958,B00JCCXEX2,883049277622,Gladiator,GAWA45SFZW,,,,,,,,,,,,,,,,,,,,,,,,,,,,,,,,,,,,,,,,,,,,,,,,
206724181,B017SMI5PE,,Manhattan Comfort,17AMC6,,,,,,,,,,,,,,,,,,,,,,,,,,,,,,,,,,,,,,,,,,,,,,,,
202493266,B0030BEPL6,811434016082,Honey-Can-Do,SHF-01608,,,,,,,,,,,,,,,,,,,,,,,,,,,,,,,,,,,,,,,,,,,,,,,,
301379628,,724696006374,SafeRacks,WS-602472-ZW4,,,,,,,,,,,,,,,,,,,,,,,,,,,,,,,,,,,,,,,,,,,,,,,,
204472963,,672763109360,HDX,HD32448RCPS,,,,,,,,,,,,,,,,,,,,,,,,,,,,,,,,,,,,,,,,,,,,,,,,
206795307,B00UL4313I,731050005683,Unbranded,DM1448CH,,,,,,,,,,,,,,,,,,,,,,,,,,,,,,,,,,,,,,,,,,,,,,,,
204751316,,49332998586,Unbranded,LS24E,,,,,,,,,,,,,,,,,,,,,,,,,,,,,,,,,,,,,,,,,,,,,,,,
100388226,B000ON9TI2,94416509042,Wallscapes,GA4020WHKIT,,,,,,,,,,,,,,,,,,,,,,,,,,,,,,,,,,,,,,,,,,,,,,,,
207145629,,29274292584,Knape & Vogt,200S WH 8,,,,,,,,,,,,,,,,,,,,,,,,,,,,,,,,,,,,,,,,,,,,,,,,
204674180,B001KWV3TY,29274219055,Knape & Vogt,2141 UNF 24,,,,,,,,,,,,,,,,,,,,,,,,,,,,,,,,,,,,,,,,,,,,,,,,
207178562,,887060179842,Home Decorators Collection,2943605910,,,,,,,,,,,,,,,,,,,,,,,,,,,,,,,,,,,,,,,,,,,,,,,,
203526213,B007ZSKN66,847539022161,Honey-Can-Do,SHF-02216,,,,,,,,,,,,,,,,,,,,,,,,,,,,,,,,,,,,,,,,,,,,,,,,
205853698,,71691491255,Rubbermaid,1937543,,,,,,,,,,,,,,,,,,,,,,,,,,,,,,,,,,,,,,,,,,,,,,,,
100676301,,94416510161,Unbranded,VAZURE1024BK,,,,,,,,,,,,,,,,,,,,,,,,,,,,,,,,,,,,,,,,,,,,,,,,
100388249,B000ONCV28,94416504016,Wallscapes,HWRW824,,,,,,,,,,,,,,,,,,,,,,,,,,,,,,,,,,,,,,,,,,,,,,,,
202493259,B0030BEPPM,811434014422,Honey-Can-Do,SHF-01442,,,,,,,,,,,,,,,,,,,,,,,,,,,,,,,,,,,,,,,,,,,,,,,,
203485076,B00IKVGJ6A,873214000179,Dolle,30241,,,,,,,,,,,,,,,,,,,,,,,,,,,,,,,,,,,,,,,,,,,,,,,,
203485102,B00IIAUJZK,873214005143,Dolle,16733,,,,,,,,,,,,,,,,,,,,,,,,,,,,,,,,,,,,,,,,,,,,,,,,
202072607,,49332000241,The Magellan Group,CMS36E,,,,,,,,,,,,,,,,,,,,,,,,,,,,,,,,,,,,,,,,,,,,,,,,
202353582,B00G5K7HDC,672763106871,HDX,31424PS-YOW,,,,,,,,,,,,,,,,,,,,,,,,,,,,,,,,,,,,,,,,,,,,,,,,
203485100,B004KL7DP0,873214005136,Dolle,16740,,,,,,,,,,,,,,,,,,,,,,,,,,,,,,,,,,,,,,,,,,,,,,,,
204751315,,49332998579,Unbranded,HS24W,,,,,,,,,,,,,,,,,,,,,,,,,,,,,,,,,,,,,,,,,,,,,,,,
206483740,B00ZGUHX9K,867228000065,Help MyShelf,126015WHFS,,,,,,,,,,,,,,,,,,,,,,,,,,,,,,,,,,,,,,,,,,,,,,,,
100388207,,94416508953,Wallscapes,GL12030CLKIT,,,,,,,,,,,,,,,,,,,,,,,,,,,,,,,,,,,,,,,,,,,,,,,,
206499360,,49332500352,Magellan,SCB,,,,,,,,,,,,,,,,,,,,,,,,,,,,,,,,,,,,,,,,,,,,,,,,
100388210,B000OOWO24,94416505570,Wallscapes,GLWAVEOPKIT,,,,,,,,,,,,,,,,,,,,,,,,,,,,,,,,,,,,,,,,,,,,,,,,
203530025,,816658010397,Dolle,55442,,,,,,,,,,,,,,,,,,,,,,,,,,,,,,,,,,,,,,,,,,,,,,,,
206483742,B00ZQ61GRE,867228000072,Help MyShelf,206015WHFS,,,,,,,,,,,,,,,,,,,,,,,,,,,,,,,,,,,,,,,,,,,,,,,,
202753295,,71691415138,Rubbermaid,FG4E1900WHT,,,,,,,,,,,,,,,,,,,,,,,,,,,,,,,,,,,,,,,,,,,,,,,,
202940269,,684962512247,Floating Glass Shelves,R1224,,,,,,,,,,,,,,,,,,,,,,,,,,,,,,,,,,,,,,,,,,,,,,,,
207145616,B002TG2BBE,29274292089,Knape & Vogt,200OP BLK 6,,,,,,,,,,,,,,,,,,,,,,,,,,,,,,,,,,,,,,,,,,,,,,,,
203485098,B00KWSCAWQ,873214005105,Dolle,16771,,,,,,,,,,,,,,,,,,,,,,,,,,,,,,,,,,,,,,,,,,,,,,,,
203661904,B00IKVJNRW,94416517641,Home Decorators Collection,HDCH410OP,,,,,,,,,,,,,,,,,,,,,,,,,,,,,,,,,,,,,,,,,,,,,,,,
206942812,B01H5R420Y,847539044194,Honey-Can-Do,HNG-04419,,,,,,,,,,,,,,,,,,,,,,,,,,,,,,,,,,,,,,,,,,,,,,,,
207145627,B0013IZ38W,29274292621,Knape & Vogt,200S SN 8,,,,,,,,,,,,,,,,,,,,,,,,,,,,,,,,,,,,,,,,,,,,,,,,
300126039,B00B027TL0,77355078848,Knape & Vogt,RP-0088-8WT,,,,,,,,,,,,,,,,,,,,,,,,,,,,,,,,,,,,,,,,,,,,,,,,
100676295,,94416510185,Unbranded,VAZURE1036Bk,,,,,,,,,,,,,,,,,,,,,,,,,,,,,,,,,,,,,,,,,,,,,,,,
100476884,B000H1VEQ6,92333820523,MK Diamond,MK- 762D 14 In.,,,,,,,,,,,,,,,,,,,,,,,,,,,,,,,,,,,,,,,,,,,,,,,,
203391693,B008KSCKIE,17567084923,Sandusky,WSPOSTCLAMP,,,,,,,,,,,,,,,,,,,,,,,,,,,,,,,,,,,,,,,,,,,,,,,,
202493257,B002ACO6LA,811434014569,Honey-Can-Do,SHF-01456,,,,,,,,,,,,,,,,,,,,,,,,,,,,,,,,,,,,,,,,,,,,,,,,
204388076,B00DPNVK12,35441825745,Edsal,PB8501Y,,,,,,,,,,,,,,,,,,,,,,,,,,,,,,,,,,,,,,,,,,,,,,,,
203215821,B006Y7AAOY,847539000213,Honey-Can-Do,SHF350W1424,,,,,,,,,,,,,,,,,,,,,,,,,,,,,,,,,,,,,,,,,,,,,,,,
204288884,B00CKJBGH0,819175001633,Triton Products,LB2-B,,,,,,,,,,,,,,,,,,,,,,,,,,,,,,,,,,,,,,,,,,,,,,,,
206942835,B01FVGN4AK,847539043821,Honey-Can-Do,SHF-04382,,,,,,,,,,,,,,,,,,,,,,,,,,,,,,,,,,,,,,,,,,,,,,,,
204640367,,816658010816,Dolle,55473,,,,,,,,,,,,,,,,,,,,,,,,,,,,,,,,,,,,,,,,,,,,,,,,
203619532,B007P5ED2E,850594003204,Trinity,TBFZ-0905,,,,,,,,,,,,,,,,,,,,,,,,,,,,,,,,,,,,,,,,,,,,,,,,
203485082,B00IPUEFDA,873214005693,Dolle,55008,,,,,,,,,,,,,,,,,,,,,,,,,,,,,,,,,,,,,,,,,,,,,,,,
203619576,B008ALBFF0,850594003136,Trinity,TBF-PS664,,,,,,,,,,,,,,,,,,,,,,,,,,,,,,,,,,,,,,,,,,,,,,,,
206337894,,48037860525,Home Decorators Collection,9085638,,,,,,,,,,,,,,,,,,,,,,,,,,,,,,,,,,,,,,,,,,,,,,,,
202072611,B003I8O60Q,49332000265,The Magellan Group,CMS60E,,,,,,,,,,,,,,,,,,,,,,,,,,,,,,,,,,,,,,,,,,,,,,,,
206674574,B009SAH73G,789521009005,Unbranded,STACK12-DW,,,,,,,,,,,,,,,,,,,,,,,,,,,,,,,,,,,,,,,,,,,,,,,,
204288903,B00C1L8J22,819175000759,Triton Products,LB1260-Red,,,,,,,,,,,,,,,,,,,,,,,,,,,,,,,,,,,,,,,,,,,,,,,,
203651509,,49332000043,Home Decorators Collection,HDCAA24W,,,,,,,,,,,,,,,,,,,,,,,,,,,,,,,,,,,,,,,,,,,,,,,,
204288906,B00C1L8JKY,819175000766,Triton Products,LB1260-Blue,,,,,,,,,,,,,,,,,,,,,,,,,,,,,,,,,,,,,,,,,,,,,,,,
203619535,B007HOQ9YI,850594003211,Trinity,TBFZ-0906,,,,,,,,,,,,,,,,,,,,,,,,,,,,,,,,,,,,,,,,,,,,,,,,
204989644,B00JB4US9E,847539000367,Honey-Can-Do,SHF800C1842,,,,,,,,,,,,,,,,,,,,,,,,,,,,,,,,,,,,,,,,,,,,,,,,
203876026,B00IKVG6J0,,Home Decorators Collection,SK17070B,,,,,,,,,,,,,,,,,,,,,,,,,,,,,,,,,,,,,,,,,,,,,,,,
207145596,,29274292522,Knape & Vogt,200C BLK 6,,,,,,,,,,,,,,,,,,,,,,,,,,,,,,,,,,,,,,,,,,,,,,,,
100161188,B005IZ2HSK,71691221180,Rubbermaid,FG4B2500WHT,,,,,,,,,,,,,,,,,,,,,,,,,,,,,,,,,,,,,,,,,,,,,,,,
100655821,B00KXGJ05W,49332500208,The Magellan Group,C,,,,,,,,,,,,,,,,,,,,,,,,,,,,,,,,,,,,,,,,,,,,,,,,
301613686,,71691472872,Rubbermaid,1862820,,,,,,,,,,,,,,,,,,,,,,,,,,,,,,,,,,,,,,,,,,,,,,,,
207145593,,29274310561,Knape & Vogt,200BR WH 8,,,,,,,,,,,,,,,,,,,,,,,,,,,,,,,,,,,,,,,,,,,,,,,,
203664438,,49332998661,Unbranded,HDCVL24W,,,,,,,,,,,,,,,,,,,,,,,,,,,,,,,,,,,,,,,,,,,,,,,,
205667849,,819767010746,Way Basics,WB-2NC-WE,,,,,,,,,,,,,,,,,,,,,,,,,,,,,,,,,,,,,,,,,,,,,,,,
204674084,B00ESUUDR8,77355012903,Knape & Vogt,0129-5WT2,,,,,,,,,,,,,,,,,,,,,,,,,,,,,,,,,,,,,,,,,,,,,,,,
204674169,B00BPQNE24,77355013917,Knape & Vogt,0139-HNY4,,,,,,,,,,,,,,,,,,,,,,,,,,,,,,,,,,,,,,,,,,,,,,,,
205323722,,29986770165,SystemBuild,7701596S,,,,,,,,,,,,,,,,,,,,,,,,,,,,,,,,,,,,,,,,,,,,,,,,
203662917,,49332000166,Home Decorators Collection,HDUCC12W,,,,,,,,,,,,,,,,,,,,,,,,,,,,,,,,,,,,,,,,,,,,,,,,
204288894,B00CKJBE5Y,819175001657,Triton Products,LB1-T,,,,,,,,,,,,,,,,,,,,,,,,,,,,,,,,,,,,,,,,,,,,,,,,
203530033,B000V4IHOG,873214006027,Dolle,19864,,,,,,,,,,,,,,,,,,,,,,,,,,,,,,,,,,,,,,,,,,,,,,,,
203662803,,49332000135,Home Decorators Collection,HDCAEC18E,,,,,,,,,,,,,,,,,,,,,,,,,,,,,,,,,,,,,,,,,,,,,,,,
204674098,B00BN8Z2JM,77355079524,Knape & Vogt,0137-836HNY,,,,,,,,,,,,,,,,,,,,,,,,,,,,,,,,,,,,,,,,,,,,,,,,
204288792,,819175001473,Triton Products,3-235BWS,,,,,,,,,,,,,,,,,,,,,,,,,,,,,,,,,,,,,,,,,,,,,,,,
202229221,B004AUTG2E,35441351251,Edsal,603ST2584,,,,,,,,,,,,,,,,,,,,,,,,,,,,,,,,,,,,,,,,,,,,,,,,
203485067,,873214000087,Dolle,30173,,,,,,,,,,,,,,,,,,,,,,,,,,,,,,,,,,,,,,,,,,,,,,,,
204674132,,77355013467,Knape & Vogt,0134-724GL,,,,,,,,,,,,,,,,,,,,,,,,,,,,,,,,,,,,,,,,,,,,,,,,
205667854,B00LWA8SSI,819767010791,Way Basics,WB-3NC-EO,,,,,,,,,,,,,,,,,,,,,,,,,,,,,,,,,,,,,,,,,,,,,,,,
207145600,B01ETF1O1K,29274292492,Knape & Vogt,200C WH 6,,,,,,,,,,,,,,,,,,,,,,,,,,,,,,,,,,,,,,,,,,,,,,,,
204640273,,816658010755,Dolle,55305,,,,,,,,,,,,,,,,,,,,,,,,,,,,,,,,,,,,,,,,,,,,,,,,
206724751,,,Manhattan Comfort,46AMC49,,,,,,,,,,,,,,,,,,,,,,,,,,,,,,,,,,,,,,,,,,,,,,,,
204989620,B00H57TQO2,847539035253,Honey-Can-Do,SHF-03525,,,,,,,,,,,,,,,,,,,,,,,,,,,,,,,,,,,,,,,,,,,,,,,,
100388202,B000ON9TWI,94416508908,Wallscapes,GL12020OPKIT,,,,,,,,,,,,,,,,,,,,,,,,,,,,,,,,,,,,,,,,,,,,,,,,
205323721,,29986770158,SystemBuild,7701496S,,,,,,,,,,,,,,,,,,,,,,,,,,,,,,,,,,,,,,,,,,,,,,,,
204280729,B0012IMRO6,50946996554,Gladiator,GAWA30SRRH,,,,,,,,,,,,,,,,,,,,,,,,,,,,,,,,,,,,,,,,,,,,,,,,
100283498,B00917CS7G,71691221098,Rubbermaid,FG4B2600WHT,,,,,,,,,,,,,,,,,,,,,,,,,,,,,,,,,,,,,,,,,,,,,,,,
204674176,,29274220167,Knape & Vogt,2141 HNY 10,,,,,,,,,,,,,,,,,,,,,,,,,,,,,,,,,,,,,,,,,,,,,,,,
206337825,,48037860655,Home Decorators Collection,9085604,,,,,,,,,,,,,,,,,,,,,,,,,,,,,,,,,,,,,,,,,,,,,,,,
207145605,B007EIUG6Y,29274310592,Knape & Vogt,200CH WH 8,,,,,,,,,,,,,,,,,,,,,,,,,,,,,,,,,,,,,,,,,,,,,,,,
202788405,B00Q6GP5NY,71691450177,Rubbermaid,1802063,,,,,,,,,,,,,,,,,,,,,,,,,,,,,,,,,,,,,,,,,,,,,,,,
203485103,B000NCWTN6,873214005051,Dolle,17488,,,,,,,,,,,,,,,,,,,,,,,,,,,,,,,,,,,,,,,,,,,,,,,,
300388969,,64307010377,Kiera Grace,FN00379-9INT,,,,,,,,,,,,,,,,,,,,,,,,,,,,,,,,,,,,,,,,,,,,,,,,
203619571,B008ALBHWQ,850594003334,Trinity,TBFZ-0902,,,,,,,,,,,,,,,,,,,,,,,,,,,,,,,,,,,,,,,,,,,,,,,,
203670773,B000Q6WDRG,873214000001,Dolle,30302,,,,,,,,,,,,,,,,,,,,,,,,,,,,,,,,,,,,,,,,,,,,,,,,
204373915,B06Y5F685X,17641983630,Seville Classics,SHE15363Z,,,,,,,,,,,,,,,,,,,,,,,,,,,,,,,,,,,,,,,,,,,,,,,,
203485071,B00L0F1I14,873214000339,Dolle,30449,,,,,,,,,,,,,,,,,,,,,,,,,,,,,,,,,,,,,,,,,,,,,,,,
204123945,B00BCJTXVK,782088881053,Proslat,88105,,,,,,,,,,,,,,,,,,,,,,,,,,,,,,,,,,,,,,,,,,,,,,,,
204288777,B00CKJBDP0,819175001480,Triton Products,3-235RWS,,,,,,,,,,,,,,,,,,,,,,,,,,,,,,,,,,,,,,,,,,,,,,,,
203485115,B00KX5GPVU,873214005525,Dolle,15491,,,,,,,,,,,,,,,,,,,,,,,,,,,,,,,,,,,,,,,,,,,,,,,,
204388096,B00DPNWN9A,35441825554,Edsal,PB300,,,,,,,,,,,,,,,,,,,,,,,,,,,,,,,,,,,,,,,,,,,,,,,,
203664426,,49332998678,Home Decorators Collection,HDCVL36E,,,,,,,,,,,,,,,,,,,,,,,,,,,,,,,,,,,,,,,,,,,,,,,,
203631521,,48037846109,Home Decorators Collection,9084610,,,,,,,,,,,,,,,,,,,,,,,,,,,,,,,,,,,,,,,,,,,,,,,,
202060768,B00KQ4JNYE,18098901284,Martha Stewart Living,C11,,,,,,,,,,,,,,,,,,,,,,,,,,,,,,,,,,,,,,,,,,,,,,,,
205706508,B00G8RK8J2,847539040479,Honey-Can-Do,SHF-04047,,,,,,,,,,,,,,,,,,,,,,,,,,,,,,,,,,,,,,,,,,,,,,,,
203662712,,49332000081,Home Decorators Collection,HDCAE36W,,,,,,,,,,,,,,,,,,,,,,,,,,,,,,,,,,,,,,,,,,,,,,,,
204288908,B00C1L8JZE,819175000773,Triton Products,LB1260-Black,,,,,,,,,,,,,,,,,,,,,,,,,,,,,,,,,,,,,,,,,,,,,,,,
100656305,B0026T6PMA,672763103191,HDX,21656PS-YOW,,,,,,,,,,,,,,,,,,,,,,,,,,,,,,,,,,,,,,,,,,,,,,,,
204674099,B0042U2UQG,77355014044,Knape & Vogt,0140-24BK,,,,,,,,,,,,,,,,,,,,,,,,,,,,,,,,,,,,,,,,,,,,,,,,
202493256,B0030BEPKM,811434016068,Honey-Can-Do,SHF-01606,,,,,,,,,,,,,,,,,,,,,,,,,,,,,,,,,,,,,,,,,,,,,,,,
202757002,,35441819423,Edsal,E7212,,,,,,,,,,,,,,,,,,,,,,,,,,,,,,,,,,,,,,,,,,,,,,,,
100658236,B0026SZNO2,672763103221,HDX,30260PS-YOW,,,,,,,,,,,,,,,,,,,,,,,,,,,,,,,,,,,,,,,,,,,,,,,,
204674068,,29274177690,Knape & Vogt,2110UC 14X14,,,,,,,,,,,,,,,,,,,,,,,,,,,,,,,,,,,,,,,,,,,,,,,,
203664447,,49332998777,Home Decorators Collection,HDCSL24W,,,,,,,,,,,,,,,,,,,,,,,,,,,,,,,,,,,,,,,,,,,,,,,,
203485072,,873214000124,Dolle,30319,,,,,,,,,,,,,,,,,,,,,,,,,,,,,,,,,,,,,,,,,,,,,,,,
204853121,B00KOAENZE,17567098821,Sandusky,KBO-341030BC,,,,,,,,,,,,,,,,,,,,,,,,,,,,,,,,,,,,,,,,,,,,,,,,
207145592,B007EIUC7C,29274310554,Knape & Vogt,200BR SN 8,,,,,,,,,,,,,,,,,,,,,,,,,,,,,,,,,,,,,,,,,,,,,,,,
203248986,B0073NIBW6,895908001231,Oceanstar,SR1231,,,,,,,,,,,,,,,,,,,,,,,,,,,,,,,,,,,,,,,,,,,,,,,,
204388083,B00DPNVXU0,35441825813,Edsal,PB8504B,,,,,,,,,,,,,,,,,,,,,,,,,,,,,,,,,,,,,,,,,,,,,,,,
203485089,,873214006195,Dolle,55183,,,,,,,,,,,,,,,,,,,,,,,,,,,,,,,,,,,,,,,,,,,,,,,,
206942834,B01FVGN3KG,847539043814,Honey-Can-Do,SHF-04381,,,,,,,,,,,,,,,,,,,,,,,,,,,,,,,,,,,,,,,,,,,,,,,,
203485077,,873214000186,Dolle,30258,,,,,,,,,,,,,,,,,,,,,,,,,,,,,,,,,,,,,,,,,,,,,,,,
203485084,,873214006430,Dolle,55220,,,,,,,,,,,,,,,,,,,,,,,,,,,,,,,,,,,,,,,,,,,,,,,,
206389123,,887060158229,Home Decorators Collection,883100270,,,,,,,,,,,,,,,,,,,,,,,,,,,,,,,,,,,,,,,,,,,,,,,,
204660630,,71691481065,Rubbermaid,1892858,,,,,,,,,,,,,,,,,,,,,,,,,,,,,,,,,,,,,,,,,,,,,,,,
100388221,,94416508991,Wallscapes,BS9025BEKIT,,,,,,,,,,,,,,,,,,,,,,,,,,,,,,,,,,,,,,,,,,,,,,,,
207145610,,29274292454,Knape & Vogt,200M SN 6,,,,,,,,,,,,,,,,,,,,,,,,,,,,,,,,,,,,,,,,,,,,,,,,
207145624,,29274292591,Knape & Vogt,200S BLK 6,,,,,,,,,,,,,,,,,,,,,,,,,,,,,,,,,,,,,,,,,,,,,,,,
204772783,B00GD2Q3UU,819175001947,Triton Products,2-205BK,,,,,,,,,,,,,,,,,,,,,,,,,,,,,,,,,,,,,,,,,,,,,,,,
203878064,B004BDP69M,38861085614,Whitmor,6070-3437,,,,,,,,,,,,,,,,,,,,,,,,,,,,,,,,,,,,,,,,,,,,,,,,
207145602,,29274310578,Knape & Vogt,200CH AB 8,,,,,,,,,,,,,,,,,,,,,,,,,,,,,,,,,,,,,,,,,,,,,,,,
207145601,B001AH8M4S,29274292508,Knape & Vogt,200C WH 8,,,,,,,,,,,,,,,,,,,,,,,,,,,,,,,,,,,,,,,,,,,,,,,,
203485112,B000NCWMB0,873214005235,Dolle,16641,,,,,,,,,,,,,,,,,,,,,,,,,,,,,,,,,,,,,,,,,,,,,,,,
205894715,,886096001400,HDX,SL-HBUS-09,,,,,,,,,,,,,,,,,,,,,,,,,,,,,,,,,,,,,,,,,,,,,,,,
204989653,B00JB4UTAM,847539000411,Honey-Can-Do,SHF800W1636,,,,,,,,,,,,,,,,,,,,,,,,,,,,,,,,,,,,,,,,,,,,,,,,
203530079,,873214005426,Dolle,33129,,,,,,,,,,,,,,,,,,,,,,,,,,,,,,,,,,,,,,,,,,,,,,,,
204288786,B00CKJBECC,819175001466,Triton Products,3-235YWS,,,,,,,,,,,,,,,,,,,,,,,,,,,,,,,,,,,,,,,,,,,,,,,,
202753293,,71691415121,Rubbermaid,FG4E1800WHT,,,,,,,,,,,,,,,,,,,,,,,,,,,,,,,,,,,,,,,,,,,,,,,,
205667852,B00LWA8QYO,819767010777,Way Basics,WB-2NC-NL,,,,,,,,,,,,,,,,,,,,,,,,,,,,,,,,,,,,,,,,,,,,,,,,
203658710,,49332000050,Home Decorators Collection,HDCAE24E,,,,,,,,,,,,,,,,,,,,,,,,,,,,,,,,,,,,,,,,,,,,,,,,
206337839,,48037860372,Home Decorators Collection,9085608,,,,,,,,,,,,,,,,,,,,,,,,,,,,,,,,,,,,,,,,,,,,,,,,
303645097,,38902132031,High & Mighty,515605,,,,,,,,,,,,,,,,,,,,,,,,,,,,,,,,,,,,,,,,,,,,,,,,
204652430,B00G2688AU,17567094656,Sandusky,WS201232-B,,,,,,,,,,,,,,,,,,,,,,,,,,,,,,,,,,,,,,,,,,,,,,,,
206337881,,48037860617,Home Decorators Collection,9085816,,,,,,,,,,,,,,,,,,,,,,,,,,,,,,,,,,,,,,,,,,,,,,,,
207145606,,29274292478,Knape & Vogt,200M AB 6,,,,,,,,,,,,,,,,,,,,,,,,,,,,,,,,,,,,,,,,,,,,,,,,
204388095,B00DPNW0OI,35441825868,Edsal,PB8505Y,,,,,,,,,,,,,,,,,,,,,,,,,,,,,,,,,,,,,,,,,,,,,,,,
203619432,B008ALBDFW,850594003129,Trinity,TBFC-0907,,,,,,,,,,,,,,,,,,,,,,,,,,,,,,,,,,,,,,,,,,,,,,,,
205667853,B00LWA8RZ2,819767010784,Way Basics,WB-3NC-WE,,,,,,,,,,,,,,,,,,,,,,,,,,,,,,,,,,,,,,,,,,,,,,,,
204444607,B00E383K7K,41804978973,Gorilla Rack,GRZ-HH-0001,,,,,,,,,,,,,,,,,,,,,,,,,,,,,,,,,,,,,,,,,,,,,,,,
100676293,,94416510147,Unbranded,VAZURE1012BK,,,,,,,,,,,,,,,,,,,,,,,,,,,,,,,,,,,,,,,,,,,,,,,,
100126360,B00L0I6EKQ,71691219576,Rubbermaid,FG4B7700BLA,,,,,,,,,,,,,,,,,,,,,,,,,,,,,,,,,,,,,,,,,,,,,,,,
301379449,,608729528197,SafeRacks,WS-301460-Z5,,,,,,,,,,,,,,,,,,,,,,,,,,,,,,,,,,,,,,,,,,,,,,,,
207145614,,29274292140,Knape & Vogt,200OP AB 6,,,,,,,,,,,,,,,,,,,,,,,,,,,,,,,,,,,,,,,,,,,,,,,,
100388204,B000ONCTXY,94416508922,Wallscapes,GL6030OPKIT,,,,,,,,,,,,,,,,,,,,,,,,,,,,,,,,,,,,,,,,,,,,,,,,
203668363,B00BN46WIQ,17641983043,Seville Classics,SHE18304BZ,,,,,,,,,,,,,,,,,,,,,,,,,,,,,,,,,,,,,,,,,,,,,,,,
203529923,,816658010380,Dolle,55435,,,,,,,,,,,,,,,,,,,,,,,,,,,,,,,,,,,,,,,,,,,,,,,,
203248984,B0071I3D80,895908001224,Oceanstar,SR1224,,,,,,,,,,,,,,,,,,,,,,,,,,,,,,,,,,,,,,,,,,,,,,,,
206481523,B06XWPGRBF,49332500307,unbranded,SCA,,,,,,,,,,,,,,,,,,,,,,,,,,,,,,,,,,,,,,,,,,,,,,,,
206724669,,,Manhattan Comfort,43AMC6,,,,,,,,,,,,,,,,,,,,,,,,,,,,,,,,,,,,,,,,,,,,,,,,
203530029,B00KWK1C5K,873214000193,Dolle,30265,,,,,,,,,,,,,,,,,,,,,,,,,,,,,,,,,,,,,,,,,,,,,,,,
204388080,B00DPNVRPG,35441825769,Edsal,PB8502B,,,,,,,,,,,,,,,,,,,,,,,,,,,,,,,,,,,,,,,,,,,,,,,,
203215697,B006Y7A396,847539000008,Honey-Can-Do,SHF250B1424,,,,,,,,,,,,,,,,,,,,,,,,,,,,,,,,,,,,,,,,,,,,,,,,
205706514,B00R3FUXQQ,847539052250,Honey-Can-Do,SHF-05225,,,,,,,,,,,,,,,,,,,,,,,,,,,,,,,,,,,,,,,,,,,,,,,,
207080888,,887060179248,Home Decorators Collection,2943600910,,,,,,,,,,,,,,,,,,,,,,,,,,,,,,,,,,,,,,,,,,,,,,,,
204401656,B002HEZWEG,898585002607,Way Basics,PS-2S-1-WE,,,,,,,,,,,,,,,,,,,,,,,,,,,,,,,,,,,,,,,,,,,,,,,,
204466887,,886096001080,HDX,EH-WSTHDUS-006,,,,,,,,,,,,,,,,,,,,,,,,,,,,,,,,,,,,,,,,,,,,,,,,
203485088,,873214005754,Dolle,55060,,,,,,,,,,,,,,,,,,,,,,,,,,,,,,,,,,,,,,,,,,,,,,,,
203661898,,94416517580,Home Decorators Collection,HDCGLBINGOS,,,,,,,,,,,,,,,,,,,,,,,,,,,,,,,,,,,,,,,,,,,,,,,,
206420441,,887060157659,Home Decorators Collection,2455340410,,,,,,,,,,,,,,,,,,,,,,,,,,,,,,,,,,,,,,,,,,,,,,,,
300126040,B000IMKGH2,77355008760,Knape & Vogt,RP-0087-8PM,,,,,,,,,,,,,,,,,,,,,,,,,,,,,,,,,,,,,,,,,,,,,,,,
203485095,B000PIIFO0,873214005013,Dolle,19796,,,,,,,,,,,,,,,,,,,,,,,,,,,,,,,,,,,,,,,,,,,,,,,,
202627552,,811434019083,Honey-Can-Do,SHF-01908,,,,,,,,,,,,,,,,,,,,,,,,,,,,,,,,,,,,,,,,,,,,,,,,
100388203,,94416508915,Wallscapes,GL6030CLKIT,,,,,,,,,,,,,,,,,,,,,,,,,,,,,,,,,,,,,,,,,,,,,,,,
204660626,B00R7B4V1O,71691481003,Rubbermaid,1892854,,,,,,,,,,,,,,,,,,,,,,,,,,,,,,,,,,,,,,,,,,,,,,,,
204674094,B00BN8Z170,77355079463,Knape & Vogt,0137-824CHY,,,,,,,,,,,,,,,,,,,,,,,,,,,,,,,,,,,,,,,,,,,,,,,,
207145626,,29274292614,Knape & Vogt,200S SN 6,,,,,,,,,,,,,,,,,,,,,,,,,,,,,,,,,,,,,,,,,,,,,,,,
203485073,,873214000131,Dolle,30203,,,,,,,,,,,,,,,,,,,,,,,,,,,,,,,,,,,,,,,,,,,,,,,,
204660645,,71691481164,Rubbermaid,1893153,,,,,,,,,,,,,,,,,,,,,,,,,,,,,,,,,,,,,,,,,,,,,,,,
203530077,B000VYQLNK,873214005273,Dolle,19819,,,,,,,,,,,,,,,,,,,,,,,,,,,,,,,,,,,,,,,,,,,,,,,,
203215904,B006ZSVF9Q,847539000688,Honey-Can-Do,SHFSCR-C24,,,,,,,,,,,,,,,,,,,,,,,,,,,,,,,,,,,,,,,,,,,,,,,,
202441673,,846877004969,Home Decorators Collection,2455330260,,,,,,,,,,,,,,,,,,,,,,,,,,,,,,,,,,,,,,,,,,,,,,,,
204373917,B00CL91YI0,17641973044,Seville Classics,SHE14304ZB,,,,,,,,,,,,,,,,,,,,,,,,,,,,,,,,,,,,,,,,,,,,,,,,
202788311,,71691450160,Rubbermaid,1802062,,,,,,,,,,,,,,,,,,,,,,,,,,,,,,,,,,,,,,,,,,,,,,,,
206337863,,48037860402,Home Decorators Collection,9085614,,,,,,,,,,,,,,,,,,,,,,,,,,,,,,,,,,,,,,,,,,,,,,,,
202756974,,35441842070,Edsal,1011M,,,,,,,,,,,,,,,,,,,,,,,,,,,,,,,,,,,,,,,,,,,,,,,,
204063547,B009ZN0OTK,799403291558,The Art of Storage,HDRS6002,,,,,,,,,,,,,,,,,,,,,,,,,,,,,,,,,,,,,,,,,,,,,,,,
204674086,B00ESVZJGC,77355080803,Knape & Vogt,243-WT,,,,,,,,,,,,,,,,,,,,,,,,,,,,,,,,,,,,,,,,,,,,,,,,
206724755,,,Manhattan Comfort,47AMC49,,,,,,,,,,,,,,,,,,,,,,,,,,,,,,,,,,,,,,,,,,,,,,,,
100388201,,94416508892,Wallscapes,GL12020CLKIT,,,,,,,,,,,,,,,,,,,,,,,,,,,,,,,,,,,,,,,,,,,,,,,,
300537475,,887060190533,Home Decorators Collection,9361700230,,,,,,,,,,,,,,,,,,,,,,,,,,,,,,,,,,,,,,,,,,,,,,,,
202493267,B0041RRPN8,811434014507,Honey-Can-Do,SHF-01450,,,,,,,,,,,,,,,,,,,,,,,,,,,,,,,,,,,,,,,,,,,,,,,,
202627534,B005FW1WLO,811434019052,Honey-Can-Do,SHF-01905,,,,,,,,,,,,,,,,,,,,,,,,,,,,,,,,,,,,,,,,,,,,,,,,
203485065,B000VYI0RA,873214000056,Dolle,30142,,,,,,,,,,,,,,,,,,,,,,,,,,,,,,,,,,,,,,,,,,,,,,,,
203662805,,49332000142,Home Decorators Collection,HDCAEC18W,,,,,,,,,,,,,,,,,,,,,,,,,,,,,,,,,,,,,,,,,,,,,,,,
203485085,B00IPUEBSO,873214005723,Dolle,55039,,,,,,,,,,,,,,,,,,,,,,,,,,,,,,,,,,,,,,,,,,,,,,,,
207145598,,29274292539,Knape & Vogt,200C SN 6,,,,,,,,,,,,,,,,,,,,,,,,,,,,,,,,,,,,,,,,,,,,,,,,
204417821,B001VXZYAG,35441388110,Edsal,ABL30,,,,,,,,,,,,,,,,,,,,,,,,,,,,,,,,,,,,,,,,,,,,,,,,
204660650,,71691481201,Rubbermaid,1893156,,,,,,,,,,,,,,,,,,,,,,,,,,,,,,,,,,,,,,,,,,,,,,,,
202260835,,71691434467,Rubbermaid,FG4B8200BLA,,,,,,,,,,,,,,,,,,,,,,,,,,,,,,,,,,,,,,,,,,,,,,,,
100679081,,71691220770,Rubbermaid,FG4B8200WHT,,,,,,,,,,,,,,,,,,,,,,,,,,,,,,,,,,,,,,,,,,,,,,,,
204660644,,71691481140,Rubbermaid,1893152,,,,,,,,,,,,,,,,,,,,,,,,,,,,,,,,,,,,,,,,,,,,,,,,
206798140,B00UL435TS,731050005706,Unbranded,DM1448OK,,,,,,,,,,,,,,,,,,,,,,,,,,,,,,,,,,,,,,,,,,,,,,,,
203485096,B000PIIFOA,873214005037,Dolle,17495,,,,,,,,,,,,,,,,,,,,,,,,,,,,,,,,,,,,,,,,,,,,,,,,
203215725,B006Y7A4HM,847539000060,Honey-Can-Do,SHF250W1424,,,,,,,,,,,,,,,,,,,,,,,,,,,,,,,,,,,,,,,,,,,,,,,,
207145620,,29274292065,Knape & Vogt,200OP WH 6,,,,,,,,,,,,,,,,,,,,,,,,,,,,,,,,,,,,,,,,,,,,,,,,
202929258,B009S83YPS,684962410109,Floating Glass Shelves,CL10,,,,,,,,,,,,,,,,,,,,,,,,,,,,,,,,,,,,,,,,,,,,,,,,
204145699,B00BFJA3OS,66311052749,South Shore,5227722,,,,,,,,,,,,,,,,,,,,,,,,,,,,,,,,,,,,,,,,,,,,,,,,
204989659,B00N13CZSS,847539050584,Honey-Can-Do,SHFZ01011,,,,,,,,,,,,,,,,,,,,,,,,,,,,,,,,,,,,,,,,,,,,,,,,
100173931,B00L0I6EKQ,71691182641,Rubbermaid,4B2800BLA,,,,,,,,,,,,,,,,,,,,,,,,,,,,,,,,,,,,,,,,,,,,,,,,
206697891,,672763109377,HDX,HD24CRCPS,,,,,,,,,,,,,,,,,,,,,,,,,,,,,,,,,,,,,,,,,,,,,,,,
100679078,B0063K9P1G,71691221012,Rubbermaid,FG4B2800WHT,,,,,,,,,,,,,,,,,,,,,,,,,,,,,,,,,,,,,,,,,,,,,,,,
204989636,B00JB4US9E,847539000305,Honey-Can-Do,SHF800B1842,,,,,,,,,,,,,,,,,,,,,,,,,,,,,,,,,,,,,,,,,,,,,,,,
203530027,,873214000070,Dolle,30166,,,,,,,,,,,,,,,,,,,,,,,,,,,,,,,,,,,,,,,,,,,,,,,,
204288782,B00CKJBDYG,819175001510,Triton Products,3-240BWS,,,,,,,,,,,,,,,,,,,,,,,,,,,,,,,,,,,,,,,,,,,,,,,,
202756986,,35441819386,Edsal,E7208,,,,,,,,,,,,,,,,,,,,,,,,,,,,,,,,,,,,,,,,,,,,,,,,
204466874,,886096001066,HDX,EH-WSTHDUS-004,,,,,,,,,,,,,,,,,,,,,,,,,,,,,,,,,,,,,,,,,,,,,,,,
100388208,B000ON9U72,94416508960,Wallscapes,GL12030OPKIT,,,,,,,,,,,,,,,,,,,,,,,,,,,,,,,,,,,,,,,,,,,,,,,,
203485113,B000NCS8OK,873214005242,Dolle,16634,,,,,,,,,,,,,,,,,,,,,,,,,,,,,,,,,,,,,,,,,,,,,,,,
300126030,B000OL3908,77355008746,Knape & Vogt,RP-0087-8BRZ,,,,,,,,,,,,,,,,,,,,,,,,,,,,,,,,,,,,,,,,,,,,,,,,
